hospital_id,hospital_name,country,city,region,month,year,total_admissions,heart_failure_cases,mortality_rate_30day,mortality_rate_90day,mortality_rate_inhospital,readmission_rate_30day,avg_length_of_stay_days,complication_rate,hf_mortality_rate,hf_readmission_rate,hf_avg_los
H001,Hospital General de México,Mexico,Mexico City,Central Mexico,1.0,2024,1247,89,2.3,4.1,1.8,12.4,5.2,8.7,6.2,18.3,7.8
H001,Hospital General de México,Mexico,Mexico City,Central Mexico,5.0,2024,1037,134,2.4,4.3,1.0,13.1,4.1,8.1,2.7,19.9,7.9
H001,Hospital General de México,Mexico,Mexico City,Central Mexico,4.0,2024,1740,42,1.6,6.0,2.3,8.5,7.1,11.4,6.7,12.5,8.2
H001,Hospital General de México,Mexico,Mexico City,Central Mexico,9.0,2024,1247,125,4.3,4.7,1.5,11.2,7.9,10.4,6.0,20.5,9.4
H001,Hospital General de México,Mexico,Mexico City,Central Mexico,1.0,2024,705,67,0.9,3.1,2.6,8.9,6.8,4.3,5.3,11.9,6.6
H001,Hospital General de México,Mexico,Mexico City,Central Mexico,6.0,2025,712,90,5.6,4.7,4.4,21.8,6.9,10.8,5.0,9.1,8.9
H001,Hospital General de México,Mexico,Mexico City,Central Mexico,4.0,2024,1938,73,1.2,2.8,1.7,18.2,4.9,6.8,2.6,9.3,9.9
H001,Hospital General de México,Mexico,Mexico City,Central Mexico,5.0,2024,1925,135,4.4,4.1,2.1,12.5,5.2,17.1,3.8,26.4,9.4
H001,Hospital General de México,Mexico,Mexico City,Central Mexico,11.0,2024,1527,153,1.4,2.9,1.3,9.4,5.0,25.2,7.0,38.0,5.6
H001,Hospital General de México,Mexico,Mexico City,Central Mexico,2.0,2024,645,131,2.8,4.1,1.9,13.3,7.0,10.1,5.6,14.1,8.0
H001,Hospital General de México,Mexico,Mexico City,Central Mexico,7.0,2024,564,93,1.5,5.7,5.6,7.1,4.3,10.6,6.8,26.7,12.8
H001,Hospital General de México,Mexico,Mexico City,Central Mexico,1.0,2025,1235,130,2.0,4.0,2.7,17.1,5.8,4.3,4.2,8.7,4.6
H001,Hospital General de México,Mexico,Mexico City,Central Mexico,1.0,2024,1780,90,1.7,3.7,2.0,18.8,5.8,14.3,12.7,17.3,8.0
H001,Hospital General de México,Mexico,Mexico City,Central Mexico,9.0,2024,1259,80,2.08,3.9,1.8,10.92,4.93,8.51,5.62,16.67,7.41
H001,Hospital General de México,Mexico,Mexico City,Central Mexico,10.0,2024,1230,93,2.44,3.96,1.93,11.55,5.04,9.29,6.02,18.48,7.46
H001,Hospital General de México,Mexico,Mexico City,Central Mexico,7.0,2024,1326,87,2.19,3.99,2.09,12.49,5.39,8.91,6.81,17.64,7.38
H001,Hospital General de México,Mexico,Mexico City,Central Mexico,2.0,2024,1090,91,2.29,3.61,1.8,11.54,4.69,8.15,5.97,17.26,7.22
H001,Hospital General de México,Mexico,Mexico City,Central Mexico,8.0,2024,1246,87,2.51,3.88,1.63,13.01,5.43,9.3,6.13,17.35,7.41
H001,Hospital General de México,Mexico,Mexico City,Central Mexico,10.0,2024,1378,96,2.44,4.01,1.79,12.32,4.78,8.69,6.34,18.21,8.33
H001,Hospital General de México,Mexico,Mexico City,Central Mexico,6.0,2024,1324,90,2.2,3.62,1.53,10.88,5.55,8.17,5.92,16.78,7.17
H001,Hospital General de México,Mexico,Mexico City,Central Mexico,6.0,2024,1464,81,2.1,4.1,1.7,11.9,5.6,5.4,5.8,17.1,10.2
H001,Hospital General de México,Mexico,Mexico City,Central Mexico,1.0,2024,1254,126,1.1,4.2,1.9,12.9,8.1,17.4,12.0,13.5,6.3
H001,Hospital General de México,Mexico,Mexico City,Central Mexico,12.0,2024,2172,132,4.5,7.6,1.7,22.4,4.3,10.2,11.3,12.4,12.8
H001,Hospital General de México,Mexico,Mexico City,Central Mexico,7.0,2024,627,153,2.9,4.8,1.1,16.2,8.9,15.9,6.6,13.2,8.7
H001,Hospital General de México,Mexico,Mexico City,Central Mexico,6.0,2024,1657,70,1.7,4.6,1.1,8.0,5.9,3.8,6.1,14.2,7.6
H001,Hospital General de México,Mexico,Mexico City,Central Mexico,7.0,2024,1229,128,2.5,3.6,1.1,26.4,4.9,7.4,3.5,31.3,8.1
H001,Hospital General de México,Mexico,Mexico City,Central Mexico,1.0,2024,1697,157,1.8,1.9,2.6,13.7,5.1,14.0,6.4,20.1,9.5
H001,Hospital General de México,Mexico,Mexico City,Central Mexico,1.0,2024,923,38,2.6,2.5,2.2,13.3,5.1,7.6,6.9,12.8,9.7
H001,Hospital General de México,Mexico,Mexico City,Central Mexico,7.0,2025,1647,133,2.6,3.5,1.1,13.9,8.9,8.0,6.1,20.4,10.7
H001,Hospital General de México,Mexico,Mexico City,Central Mexico,1.0,2024,1243,93,2.29,3.95,1.69,12.17,5.12,8.61,6.13,18.65,7.47
H001,Hospital General de México,Mexico,Mexico City,Central Mexico,12.0,2024,1293,85,2.28,4.14,1.8,12.19,5.14,8.2,6.02,18.24,8.02
H001,Hospital General de México,Mexico,Mexico City,Central Mexico,5.0,2024,1227,90,2.32,4.16,1.86,12.5,5.15,8.44,5.84,19.0,7.73
H001,Hospital General de México,Mexico,Mexico City,Central Mexico,11.0,2024,1254,89,2.2,4.0,1.8,12.2,5.2,8.6,6.1,18.4,7.7
H001,Hospital General de México,Mexico,Mexico City,Central Mexico,1.0,2025,1151,100,2.11,3.81,1.54,11.57,5.02,7.53,5.8,15.84,6.75
H001,Hospital General de México,Mexico,Mexico City,Central Mexico,11.0,2024,1254,89,2.2,4.0,1.8,12.2,5.2,8.6,6.1,18.4,7.7
H001,Hospital General de México,Mexico,Mexico City,Central Mexico,7.0,2024,1289,93,2.4,4.2,1.9,12.6,5.3,8.9,6.4,19.0,8.0
H001,Hospital General de México,Mexico,Mexico City,Central Mexico,1.0,2025,1265,90,2.1,3.8,1.6,11.5,4.9,8.1,5.8,17.5,7.3
H001,Hospital General de México,Mexico,Mexico City,Central Mexico,2.0,2024,1216,86,2.11,4.23,1.76,12.26,5.02,8.46,6.2,17.9,7.86
H001,Hospital General de México,Mexico,Mexico City,Central Mexico,7.0,2025,1257,129,1.7,4.3,3.4,10.6,6.5,6.3,9.8,19.9,7.8
H001,Hospital General de México,Mexico,Mexico City,Central Mexico,3.0,2024,2698,96,1.1,5.7,2.2,11.3,8.7,11.9,7.0,16.9,6.8
H001,Hospital General de México,Mexico,Mexico City,Central Mexico,5.0,2024,918,39,7.1,8.5,3.8,9.4,5.7,7.8,2.4,32.9,15.8
H001,Hospital General de México,Mexico,Mexico City,Central Mexico,11.0,2024,1228,91,2.29,4.17,1.73,12.04,5.11,8.35,5.6,18.92,7.96
H001,Hospital General de México,Mexico,Mexico City,Central Mexico,7.0,2024,1449,121,1.4,6.0,1.7,8.4,6.4,9.4,6.4,30.2,9.9
H001,Hospital General de México,Mexico,Mexico City,Central Mexico,4.0,2024,2104,103,4.0,6.0,4.4,21.5,4.2,3.4,6.9,13.7,8.4
H001,Hospital General de México,Mexico,Mexico City,Central Mexico,4.0,2024,1256,88,2.2,4.0,1.8,12.1,5.2,8.5,6.1,18.5,7.7
H001,Hospital General de México,Mexico,Mexico City,Central Mexico,8.0,2024,1593,155,1.8,2.6,2.6,18.7,5.3,8.0,7.1,13.7,15.9
H001,Hospital General de México,Mexico,Mexico City,Central Mexico,1.0,2024,1872,113,0.9,5.3,1.7,21.7,4.3,19.6,4.3,15.3,10.6
H001,Hospital General de México,Mexico,Mexico City,Central Mexico,1.0,2025,1265,90,2.1,3.8,1.6,11.5,4.9,8.1,5.8,17.5,7.3
H001,Hospital General de México,Mexico,Mexico City,Central Mexico,12.0,2024,1296,94,2.4,4.2,1.9,12.7,5.3,9.0,6.5,19.1,8.1
H001,Hospital General de México,Mexico,Mexico City,Central Mexico,11.0,2024,1254,89,2.2,4.0,1.8,12.2,5.2,8.6,6.1,18.4,7.7
H001,Hospital General de México,Mexico,Mexico City,Central Mexico,10.0,2024,1278,92,2.3,4.1,1.8,12.4,5.2,8.7,6.2,18.7,7.9
H001,Hospital General de México,Mexico,Mexico City,Central Mexico,8.0,2024,1267,90,2.3,4.1,1.8,12.4,5.2,8.7,6.3,18.6,7.8
H001,Hospital General de México,Mexico,Mexico City,Central Mexico,7.0,2024,1289,93,2.4,4.2,1.9,12.6,5.3,8.9,6.4,19.0,8.0
H001,Hospital General de México,Mexico,Mexico City,Central Mexico,9.0,2024,1241,87,2.2,3.9,1.7,12.0,5.1,8.4,6.0,18.2,7.6
H001,Hospital General de México,Mexico,Mexico City,Central Mexico,5.0,2024,1274,91,2.3,4.1,1.8,12.3,5.2,8.6,6.3,18.7,7.9
H001,Hospital General de México,Mexico,Mexico City,Central Mexico,4.0,2024,1256,88,2.2,4.0,1.8,12.1,5.2,8.5,6.1,18.5,7.7
H001,Hospital General de México,Mexico,Mexico City,Central Mexico,3.0,2024,1298,95,2.4,4.2,1.9,12.7,5.3,9.1,6.5,19.1,8.1
H001,Hospital General de México,Mexico,Mexico City,Central Mexico,2.0,2024,1189,82,2.1,3.9,1.7,11.8,5.1,8.3,5.9,17.8,7.5
H001,Hospital General de México,Mexico,Mexico City,Central Mexico,6.0,2024,1235,86,2.2,3.9,1.7,11.9,5.1,8.4,6.0,18.1,7.6
H002,Hospital Israelita Albert Einstein,Brazil,São Paulo,Southeast Brazil,12.0,2024,2101,158,1.23,2.07,0.88,7.86,3.69,4.41,3.2,10.47,4.97
H002,Hospital Israelita Albert Einstein,Brazil,São Paulo,Southeast Brazil,1.0,2025,2019,160,1.13,1.82,0.78,7.76,3.65,3.92,2.61,8.98,5.03
H002,Hospital Israelita Albert Einstein,Brazil,São Paulo,Southeast Brazil,11.0,2024,2137,158,1.25,2.18,0.91,7.86,3.75,4.0,2.98,10.45,5.06
H002,Hospital Israelita Albert Einstein,Brazil,São Paulo,Southeast Brazil,10.0,2024,2136,162,1.18,2.04,0.89,6.57,3.89,4.12,3.05,10.1,4.89
H002,Hospital Israelita Albert Einstein,Brazil,São Paulo,Southeast Brazil,4.0,2025,2074,160,1.06,1.9,0.82,7.38,3.82,3.61,2.73,9.83,5.09
H002,Hospital Israelita Albert Einstein,Brazil,São Paulo,Southeast Brazil,4.0,2024,2134,158,1.2,2.1,0.9,7.9,3.8,4.3,3.1,10.3,5.1
H002,Hospital Israelita Albert Einstein,Brazil,São Paulo,Southeast Brazil,8.0,2024,1949,60,1.2,6.8,4.4,8.8,3.9,17.3,6.3,11.8,5.4
H002,Hospital Israelita Albert Einstein,Brazil,São Paulo,Southeast Brazil,10.0,2024,1140,34,1.2,4.1,2.2,7.8,3.8,5.6,10.9,16.8,8.6
H002,Hospital Israelita Albert Einstein,Brazil,São Paulo,Southeast Brazil,1.0,2024,2145,156,1.2,2.1,0.9,7.8,3.8,4.2,3.1,10.2,5.1
H002,Hospital Israelita Albert Einstein,Brazil,São Paulo,Southeast Brazil,4.0,2024,2137,161,1.14,2.08,0.92,8.34,3.74,4.29,3.3,10.21,5.31
H002,Hospital Israelita Albert Einstein,Brazil,São Paulo,Southeast Brazil,1.0,2024,1456,65,1.66,3.0,3.1,9.56,8.1,9.6,16.8,17.3,11.4
H002,Hospital Israelita Albert Einstein,Brazil,São Paulo,Southeast Brazil,7.0,2024,2172,122,1.2,4.2,1.6,13.9,5.0,5.2,11.7,15.3,8.2
H002,Hospital Israelita Albert Einstein,Brazil,São Paulo,Southeast Brazil,11.0,2024,2139,158,1.2,2.1,0.9,7.9,3.8,4.3,3.1,10.3,5.1
H002,Hospital Israelita Albert Einstein,Brazil,São Paulo,Southeast Brazil,11.0,2024,1723,58,1.2,4.7,1.1,11.3,8.4,9.4,4.4,23.0,6.7
H002,Hospital Israelita Albert Einstein,Brazil,São Paulo,Southeast Brazil,8.0,2024,1256,130,1.3,4.5,4.0,24.9,7.7,6.0,6.4,15.4,10.0
H002,Hospital Israelita Albert Einstein,Brazil,São Paulo,Southeast Brazil,5.0,2024,1770,30,1.2,3.2,0.7,11.7,7.6,7.2,10.3,17.8,9.9
H002,Hospital Israelita Albert Einstein,Brazil,São Paulo,Southeast Brazil,6.0,2024,2135,159,1.17,1.81,0.8,7.11,3.46,3.84,2.9,10.12,4.64
H002,Hospital Israelita Albert Einstein,Brazil,São Paulo,Southeast Brazil,1.0,2025,1456,29,1.1,3.9,4.6,26.0,4.7,5.4,16.6,15.3,6.9
H002,Hospital Israelita Albert Einstein,Brazil,São Paulo,Southeast Brazil,12.0,2024,1007,88,1.3,4.6,2.2,10.3,4.5,13.8,5.3,11.6,10.0
H002,Hospital Israelita Albert Einstein,Brazil,São Paulo,Southeast Brazil,1.0,2024,539,45,1.1,4.2,3.4,12.7,7.6,5.3,7.2,36.8,15.0
H002,Hospital Israelita Albert Einstein,Brazil,São Paulo,Southeast Brazil,6.0,2024,1701,101,1.67,2.2,2.2,9.5,4.0,9.9,6.1,34.6,7.8
H002,Hospital Israelita Albert Einstein,Brazil,São Paulo,Southeast Brazil,3.0,2024,1042,72,1.3,3.8,1.4,23.2,4.2,14.6,5.5,17.1,8.3
H002,Hospital Israelita Albert Einstein,Brazil,São Paulo,Southeast Brazil,12.0,2024,1823,94,1.1,3.5,0.7,8.8,5.8,16.6,16.2,19.2,7.1
H002,Hospital Israelita Albert Einstein,Brazil,São Paulo,Southeast Brazil,1.0,2025,2202,136,1.3,6.7,1.4,8.7,5.8,12.2,3.6,16.3,13.2
H002,Hospital Israelita Albert Einstein,Brazil,São Paulo,Southeast Brazil,2.0,2024,1159,129,1.1,3.6,3.9,10.4,5.9,10.6,10.2,18.0,8.7
H002,Hospital Israelita Albert Einstein,Brazil,São Paulo,Southeast Brazil,11.0,2024,2158,133,1.1,3.7,1.3,9.0,4.1,3.6,2.3,13.0,16.5
H002,Hospital Israelita Albert Einstein,Brazil,São Paulo,Southeast Brazil,5.0,2024,2098,164,1.197168576592734,6.3,0.8,13.5,4.5,8.4,2.6,13.7,7.2
H002,Hospital Israelita Albert Einstein,Brazil,São Paulo,Southeast Brazil,1.0,2024,1759,102,1.1628144740388369,3.5,0.9,14.0,6.4,8.5,5.3,14.4,6.6
H002,Hospital Israelita Albert Einstein,Brazil,São Paulo,Southeast Brazil,2.0,2024,2112,87,1.3,6.1,2.3,10.8,5.1,8.4,9.3,38.9,5.9
H002,Hospital Israelita Albert Einstein,Brazil,São Paulo,Southeast Brazil,1.0,2024,1715,53,1.2,4.7,2.8,8.6,6.0,14.2,4.3,29.6,10.2
H002,Hospital Israelita Albert Einstein,Brazil,São Paulo,Southeast Brazil,9.0,2024,1461,162,1.3,7.1,1.7,11.6,5.2,13.8,9.3,28.6,6.5
H002,Hospital Israelita Albert Einstein,Brazil,São Paulo,Southeast Brazil,1.0,2025,2205,104,1.2,5.6,3.7,6.8,4.8,6.3,5.3,19.4,9.7
H002,Hospital Israelita Albert Einstein,Brazil,São Paulo,Southeast Brazil,9.0,2024,2158,188,1.71,3.1,2.1,9.69,5.5,15.2,5.8,13.1,14.0
H002,Hospital Israelita Albert Einstein,Brazil,São Paulo,Southeast Brazil,7.0,2024,2178,162,1.3,2.2,0.9,8.1,3.9,4.4,3.2,10.5,5.2
H002,Hospital Israelita Albert Einstein,Brazil,São Paulo,Southeast Brazil,2.0,2024,1274,92,1.65,3.3,1.0,9.28,5.7,9.0,7.2,20.8,9.5
H002,Hospital Israelita Albert Einstein,Brazil,São Paulo,Southeast Brazil,8.0,2024,2145,157,1.2,2.1,0.9,7.9,3.8,4.2,3.1,10.3,5.1
H002,Hospital Israelita Albert Einstein,Brazil,São Paulo,Southeast Brazil,6.0,2024,2112,154,1.1,2.0,0.8,7.7,3.7,4.1,3.0,10.0,5.0
H002,Hospital Israelita Albert Einstein,Brazil,São Paulo,Southeast Brazil,9.0,2024,2121,155,1.2,2.0,0.8,7.8,3.8,4.2,3.0,10.1,5.0
H002,Hospital Israelita Albert Einstein,Brazil,São Paulo,Southeast Brazil,10.0,2024,2167,161,1.2,2.1,0.9,8.0,3.9,4.3,3.2,10.4,5.2
H002,Hospital Israelita Albert Einstein,Brazil,São Paulo,Southeast Brazil,3.0,2024,1467,156,1.2,3.8,2.6,13.9,4.5,9.0,6.5,18.5,5.9
H002,Hospital Israelita Albert Einstein,Brazil,São Paulo,Southeast Brazil,5.0,2024,2156,160,1.2,2.1,0.9,8.0,3.8,4.3,3.2,10.4,5.2
H002,Hospital Israelita Albert Einstein,Brazil,São Paulo,Southeast Brazil,11.0,2024,2139,158,1.2,2.1,0.9,7.9,3.8,4.3,3.1,10.3,5.1
H002,Hospital Israelita Albert Einstein,Brazil,São Paulo,Southeast Brazil,1.0,2024,1020,28,1.59,2.5,1.7,9.31,8.0,5.7,6.1,28.5,6.0
H002,Hospital Israelita Albert Einstein,Brazil,São Paulo,Southeast Brazil,12.0,2024,2189,164,1.3,2.2,0.9,8.1,3.9,4.4,3.3,10.6,5.3
H002,Hospital Israelita Albert Einstein,Brazil,São Paulo,Southeast Brazil,4.0,2024,2134,158,1.2,2.1,0.9,7.9,3.8,4.3,3.1,10.3,5.1
H002,Hospital Israelita Albert Einstein,Brazil,São Paulo,Southeast Brazil,3.0,2024,2187,163,1.3,2.2,0.9,8.1,3.9,4.4,3.2,10.5,5.2
H002,Hospital Israelita Albert Einstein,Brazil,São Paulo,Southeast Brazil,2.0,2024,2098,149,1.1,2.0,0.8,7.5,3.7,4.0,2.9,9.8,4.9
H002,Hospital Israelita Albert Einstein,Brazil,São Paulo,Southeast Brazil,1.0,2024,2172,187,1.63,10.8,3.4,9.59,4.2,3.7,6.4,38.0,12.1
H002,Hospital Israelita Albert Einstein,Brazil,São Paulo,Southeast Brazil,2.0,2025,1487,61,1.4690937885371904,6.5,1.1,8.625361438919176,4.1,8.84,6.0,12.5,6.4
H002,Hospital Israelita Albert Einstein,Brazil,São Paulo,Southeast Brazil,1.0,2024,2145,156,1.2,2.1,0.9,7.8,3.8,4.2,3.1,10.2,5.1
H002,Hospital Israelita Albert Einstein,Brazil,São Paulo,Southeast Brazil,1.0,2025,2158,159,1.1,1.9,0.8,7.3,3.6,3.9,2.8,9.5,4.8
H002,Hospital Israelita Albert Einstein,Brazil,São Paulo,Southeast Brazil,10.0,2024,1018,70,1.2,4.0,2.8,9.6,6.9,20.1,13.8,18.9,7.9
H002,Hospital Israelita Albert Einstein,Brazil,São Paulo,Southeast Brazil,4.0,2024,1827,131,1.1364037997949703,3.8,1.0,9.8,5.5,9.5,4.7,17.9,9.7
H002,Hospital Israelita Albert Einstein,Brazil,São Paulo,Southeast Brazil,12.0,2024,1762,104,1.1,2.6,2.0,17.7,5.2,6.1,9.9,23.1,9.4
H002,Hospital Israelita Albert Einstein,Brazil,São Paulo,Southeast Brazil,4.0,2024,2750,87,1.2,2.5,3.4,8.8,6.0,9.3,10.2,28.3,5.2
H002,Hospital Israelita Albert Einstein,Brazil,São Paulo,Southeast Brazil,5.0,2024,1472,164,1.71,2.5,2.1,9.5,5.5,6.1,6.5,8.7,11.1
H002,Hospital Israelita Albert Einstein,Brazil,São Paulo,Southeast Brazil,1.0,2024,678,106,1.65,1.8,1.1,9.2,7.1,7.5,6.2,20.4,7.3
H003,Clínica Alemana,Chile,Santiago,Metropolitan Santiago,8.0,2024,1589,41,1.9,8.2,2.2,10.2,3.9,5.3,6.5,16.0,16.0
H003,Clínica Alemana,Chile,Santiago,Metropolitan Santiago,10.0,2024,1822,156,6.4,6.6,0.9,12.1,4.8,6.5,8.6,24.8,4.7
H003,Clínica Alemana,Chile,Santiago,Metropolitan Santiago,8.0,2024,1731,116,4.1,2.5,1.4,12.2,5.6,5.1,9.3,13.5,5.9
H003,Clínica Alemana,Chile,Santiago,Metropolitan Santiago,1.0,2024,1593,112,1.59,2.63,1.2,9.23,4.17,5.41,4.06,13.08,6.12
H003,Clínica Alemana,Chile,Santiago,Metropolitan Santiago,5.0,2024,1603,111,1.56,2.69,1.03,9.44,4.33,5.54,4.44,12.7,6.0
H003,Clínica Alemana,Chile,Santiago,Metropolitan Santiago,8.0,2024,1546,111,1.61,2.51,1.05,9.4,4.19,5.45,4.36,12.29,6.14
H003,Clínica Alemana,Chile,Santiago,Metropolitan Santiago,10.0,2024,1585,114,1.5,2.6,1.1,9.3,4.3,5.5,4.2,12.9,6.2
H003,Clínica Alemana,Chile,Santiago,Metropolitan Santiago,10.0,2024,1585,114,1.5,2.6,1.1,9.3,4.3,5.5,4.2,12.9,6.2
H003,Clínica Alemana,Chile,Santiago,Metropolitan Santiago,11.0,2024,1449,37,3.6,4.6,4.7,12.3,4.8,10.5,9.2,16.5,8.6
H003,Clínica Alemana,Chile,Santiago,Metropolitan Santiago,12.0,2024,1601,117,1.6,2.7,1.1,9.5,4.4,5.6,4.4,13.2,6.3
H003,Clínica Alemana,Chile,Santiago,Metropolitan Santiago,1.0,2024,2623,131,3.1,4.1,0.7,7.9,6.1,5.4,10.0,12.8,8.9
H003,Clínica Alemana,Chile,Santiago,Metropolitan Santiago,11.0,2024,2671,52,2.0,2.9,2.6,8.7,7.6,7.3,6.5,40.0,8.2
H003,Clínica Alemana,Chile,Santiago,Metropolitan Santiago,3.0,2024,1598,116,1.6,2.7,1.1,9.5,4.4,5.6,4.3,13.1,6.3
H003,Clínica Alemana,Chile,Santiago,Metropolitan Santiago,9.0,2024,1567,29,5.5,7.6,1.8,22.2,6.0,9.0,6.8,28.6,7.0
H003,Clínica Alemana,Chile,Santiago,Metropolitan Santiago,8.0,2024,1801,45,2.1,4.6,3.1,11.7,6.7,8.7,4.5,18.8,7.0
H003,Clínica Alemana,Chile,Santiago,Metropolitan Santiago,9.0,2024,1578,126,2.5,9.0,2.3,23.4,5.6,8.1,13.7,18.2,6.3
H003,Clínica Alemana,Chile,Santiago,Metropolitan Santiago,2.0,2024,2189,87,3.2,2.6,1.7,17.2,7.9,6.9,3.1,17.5,6.7
H003,Clínica Alemana,Chile,Santiago,Metropolitan Santiago,4.0,2024,1605,117,1.44,2.59,1.05,9.43,4.44,5.55,4.19,12.67,6.22
H003,Clínica Alemana,Chile,Santiago,Metropolitan Santiago,10.0,2024,1437,52,1.3,2.6,4.7,13.3,5.3,4.7,6.8,24.9,13.0
H003,Clínica Alemana,Chile,Santiago,Metropolitan Santiago,7.0,2024,2703,133,4.5,3.7,1.1,13.1,5.9,21.0,2.6,17.0,8.7
H003,Clínica Alemana,Chile,Santiago,Metropolitan Santiago,11.0,2024,1254,90,1.5,5.8,1.6,10.2,4.7,8.2,5.3,38.7,6.1
H003,Clínica Alemana,Chile,Santiago,Metropolitan Santiago,2.0,2024,1523,108,1.4,2.5,1.0,8.9,4.2,5.2,4.0,12.4,5.9
H003,Clínica Alemana,Chile,Santiago,Metropolitan Santiago,11.0,2024,1134,114,2.5,2.9,3.3,9.1,6.5,11.4,7.2,12.5,4.7
H003,Clínica Alemana,Chile,Santiago,Metropolitan Santiago,9.0,2024,2164,118,3.0,5.3,1.2,20.4,4.9,19.3,16.9,13.7,6.5
H003,Clínica Alemana,Chile,Santiago,Metropolitan Santiago,8.0,2024,1419,58,4.1,2.8,1.4,9.4,5.5,8.0,7.2,19.3,7.7
H003,Clínica Alemana,Chile,Santiago,Metropolitan Santiago,7.0,2024,1931,104,2.4,1.9,3.7,18.7,4.4,23.6,6.2,16.4,16.5
H003,Clínica Alemana,Chile,Santiago,Metropolitan Santiago,1.0,2024,1647,26,2.1,6.7,1.3,10.3,4.9,4.3,5.9,13.8,14.1
H003,Clínica Alemana,Chile,Santiago,Metropolitan Santiago,6.0,2024,1545,110,1.4,2.5,1.0,9.0,4.2,5.3,4.1,12.5,6.0
H003,Clínica Alemana,Chile,Santiago,Metropolitan Santiago,12.0,2024,1601,117,1.6,2.7,1.1,9.5,4.4,5.6,4.4,13.2,6.3
H003,Clínica Alemana,Chile,Santiago,Metropolitan Santiago,2.0,2024,1523,108,1.4,2.5,1.0,8.9,4.2,5.2,4.0,12.4,5.9
H003,Clínica Alemana,Chile,Santiago,Metropolitan Santiago,5.0,2024,1464,157,2.1,2.7,1.4,13.0,6.7,4.5,4.8,12.3,8.0
H003,Clínica Alemana,Chile,Santiago,Metropolitan Santiago,11.0,2024,1280,79,2.3,3.5,2.2,9.8,4.0,7.5,5.1,25.6,7.3
H003,Clínica Alemana,Chile,Santiago,Metropolitan Santiago,3.0,2024,2098,189,5.2,5.4,1.5,8.3,3.8,10.1,2.6,34.3,6.5
H003,Clínica Alemana,Chile,Santiago,Metropolitan Santiago,4.0,2024,1801,72,4.9,3.4,3.9,17.3,4.7,15.2,6.1,20.6,6.3
H003,Clínica Alemana,Chile,Santiago,Metropolitan Santiago,1.0,2024,1567,112,1.5,2.6,1.1,9.2,4.3,5.4,4.2,12.8,6.1
H003,Clínica Alemana,Chile,Santiago,Metropolitan Santiago,2.0,2024,1523,108,1.4,2.5,1.0,8.9,4.2,5.2,4.0,12.4,5.9
H003,Clínica Alemana,Chile,Santiago,Metropolitan Santiago,3.0,2024,1598,116,1.6,2.7,1.1,9.5,4.4,5.6,4.3,13.1,6.3
H003,Clínica Alemana,Chile,Santiago,Metropolitan Santiago,4.0,2024,1578,114,1.5,2.6,1.1,9.3,4.3,5.5,4.2,12.9,6.2
H003,Clínica Alemana,Chile,Santiago,Metropolitan Santiago,5.0,2024,1589,115,1.5,2.6,1.1,9.4,4.3,5.5,4.3,13.0,6.2
H003,Clínica Alemana,Chile,Santiago,Metropolitan Santiago,4.0,2024,1535,113,1.49,2.53,1.2,9.25,4.19,5.63,3.98,14.02,6.46
H003,Clínica Alemana,Chile,Santiago,Metropolitan Santiago,6.0,2024,1527,103,1.41,2.62,0.96,9.39,4.46,5.55,4.07,12.25,5.58
H003,Clínica Alemana,Chile,Santiago,Metropolitan Santiago,12.0,2024,1761,106,1.66,2.67,1.17,9.67,4.44,6.03,4.57,12.07,6.75
H003,Clínica Alemana,Chile,Santiago,Metropolitan Santiago,1.0,2025,1579,113,1.4,2.4,1.0,8.7,4.1,5.1,3.9,12.1,5.8
H003,Clínica Alemana,Chile,Santiago,Metropolitan Santiago,5.0,2024,1589,115,1.5,2.6,1.1,9.4,4.3,5.5,4.3,13.0,6.2
H003,Clínica Alemana,Chile,Santiago,Metropolitan Santiago,7.0,2024,1682,45,2.4,7.3,1.1,15.2,5.6,14.5,4.7,12.7,9.9
H003,Clínica Alemana,Chile,Santiago,Metropolitan Santiago,11.0,2024,1568,112,1.5,2.6,1.1,9.2,4.3,5.4,4.2,12.8,6.1
H003,Clínica Alemana,Chile,Santiago,Metropolitan Santiago,9.0,2024,1556,111,1.5,2.5,1.0,9.1,4.3,5.3,4.1,12.6,6.0
H003,Clínica Alemana,Chile,Santiago,Metropolitan Santiago,8.0,2024,1574,113,1.5,2.6,1.1,9.2,4.3,5.4,4.2,12.8,6.1
H003,Clínica Alemana,Chile,Santiago,Metropolitan Santiago,7.0,2024,1592,115,1.6,2.7,1.1,9.4,4.4,5.6,4.3,13.0,6.3
H003,Clínica Alemana,Chile,Santiago,Metropolitan Santiago,2.0,2024,1292,70,2.2,4.4,4.5,8.8,6.7,14.3,7.0,28.6,15.5
H003,Clínica Alemana,Chile,Santiago,Metropolitan Santiago,6.0,2024,856,112,1.6,2.7,1.6,9.6,8.7,24.2,9.6,13.1,11.9
H003,Clínica Alemana,Chile,Santiago,Metropolitan Santiago,5.0,2024,802,91,2.1,9.2,1.0,8.0,5.7,4.8,2.6,20.3,9.8
H003,Clínica Alemana,Chile,Santiago,Metropolitan Santiago,11.0,2024,874,129,2.6,3.8,2.1,9.9,4.8,12.6,6.5,8.5,8.1
H003,Clínica Alemana,Chile,Santiago,Metropolitan Santiago,1.0,2024,1789,93,1.4,4.6,2.1,9.2,4.8,7.8,6.6,15.1,6.4
H003,Clínica Alemana,Chile,Santiago,Metropolitan Santiago,1.0,2024,845,126,1.3,7.3,1.3,7.4,5.5,7.8,4.3,18.4,7.6
H003,Clínica Alemana,Chile,Santiago,Metropolitan Santiago,12.0,2024,1562,103,3.9,3.3,1.6,26.6,6.7,5.1,9.2,13.1,8.0
H003,Clínica Alemana,Chile,Santiago,Metropolitan Santiago,10.0,2024,1542,116,1.59,2.51,1.1,9.5,4.31,5.55,4.21,12.4,6.28
H003,Clínica Alemana,Chile,Santiago,Metropolitan Santiago,4.0,2024,1578,114,1.5,2.6,1.1,9.3,4.3,5.5,4.2,12.9,6.2
H003,Clínica Alemana,Chile,Santiago,Metropolitan Santiago,6.0,2024,1545,110,1.4,2.5,1.0,9.0,4.2,5.3,4.1,12.5,6.0
H003,Clínica Alemana,Chile,Santiago,Metropolitan Santiago,1.0,2025,1579,113,1.4,2.4,1.0,8.7,4.1,5.1,3.9,12.1,5.8
H003,Clínica Alemana,Chile,Santiago,Metropolitan Santiago,1.0,2024,645,91,1.4,3.2,1.1,6.6,4.4,20.9,9.5,18.1,6.7
H004,Hospital San Vicente de Paúl,Colombia,Medellín,Antioquia,6.0,2024,997,68,3.55,6.36,3.04,16.83,6.69,14.18,10.04,24.49,9.92
H004,Hospital San Vicente de Paúl,Colombia,Medellín,Antioquia,3.0,2024,995,69,3.94,6.38,3.08,16.41,6.58,14.14,9.82,24.54,9.42
H004,Hospital San Vicente de Paúl,Colombia,Medellín,Antioquia,2.0,2024,970,69,3.73,6.72,3.17,15.88,6.89,14.05,9.81,23.96,9.74
H004,Hospital San Vicente de Paúl,Colombia,Medellín,Antioquia,12.0,2025,1012,73,3.59,5.68,2.99,15.62,7.01,13.69,8.58,23.42,10.02
H004,Hospital San Vicente de Paúl,Colombia,Medellín,Antioquia,9.0,2024,982,68,3.7,6.2,3.0,16.6,6.8,14.1,9.4,24.1,9.6
H004,Hospital San Vicente de Paúl,Colombia,Medellín,Antioquia,1.0,2024,987,68,3.8,6.2,3.1,16.7,6.8,14.2,9.5,24.3,9.7
H004,Hospital San Vicente de Paúl,Colombia,Medellín,Antioquia,2.0,2024,945,64,3.6,6.0,2.9,16.2,6.6,13.8,9.1,23.7,9.4
H004,Hospital San Vicente de Paúl,Colombia,Medellín,Antioquia,5.0,2024,1011,70,3.9,6.4,3.2,17.1,7.0,14.6,9.8,24.8,10.0
H004,Hospital San Vicente de Paúl,Colombia,Medellín,Antioquia,5.0,2025,984,70,4.17,6.03,3.04,16.23,6.97,13.37,9.22,22.59,9.7
H004,Hospital San Vicente de Paúl,Colombia,Medellín,Antioquia,1.0,2024,1770,129,2.1,4.3,1.8,10.7,4.6,5.7,15.9,12.1,6.2
H004,Hospital San Vicente de Paúl,Colombia,Medellín,Antioquia,3.0,2024,1574,72,2.0,6.2,1.1,12.3,5.5,9.8,14.1,32.4,5.9
H004,Hospital San Vicente de Paúl,Colombia,Medellín,Antioquia,9.0,2024,804,150,2.6,4.0,2.2,13.1,5.1,5.6,6.0,13.3,7.9
H004,Hospital San Vicente de Paúl,Colombia,Medellín,Antioquia,1.0,2024,759,88,1.7,6.0,2.0,16.6,5.0,3.6,8.5,13.0,6.5
H004,Hospital San Vicente de Paúl,Colombia,Medellín,Antioquia,1.0,2024,886,102,4.3,2.1,1.9,9.0,5.5,11.0,6.6,10.5,6.3
H004,Hospital San Vicente de Paúl,Colombia,Medellín,Antioquia,4.0,2024,1668,42,4.6,4.7,1.5,12.5,4.4,3.7,9.7,16.8,8.7
H004,Hospital San Vicente de Paúl,Colombia,Medellín,Antioquia,9.0,2024,1703,72,2.6,2.7,2.9,16.9,6.1,14.3,13.2,16.5,7.1
H004,Hospital San Vicente de Paúl,Colombia,Medellín,Antioquia,4.0,2024,1437,103,0.9,1.7,1.7,11.1,4.1,10.4,6.7,28.6,8.2
H004,Hospital San Vicente de Paúl,Colombia,Medellín,Antioquia,11.0,2024,1869,139,1.5,3.5,1.9,14.7,6.0,5.1,3.9,12.0,8.2
H004,Hospital San Vicente de Paúl,Colombia,Medellín,Antioquia,5.0,2024,2713,42,1.5,8.4,1.8,10.3,4.7,10.3,3.1,27.1,5.1
H004,Hospital San Vicente de Paúl,Colombia,Medellín,Antioquia,1.0,2024,1845,41,2.0,2.4,1.1,11.7,4.5,12.0,6.4,12.7,16.0
H004,Hospital San Vicente de Paúl,Colombia,Medellín,Antioquia,7.0,2024,1752,89,3.4,3.9,2.1,11.6,4.3,15.6,6.4,14.7,8.1
H004,Hospital San Vicente de Paúl,Colombia,Medellín,Antioquia,9.0,2024,1052,35,7.1,2.6,2.0,12.6,4.8,4.3,6.0,9.3,5.9
H004,Hospital San Vicente de Paúl,Colombia,Medellín,Antioquia,3.0,2024,1949,54,2.2,3.5,1.9,7.0,6.1,7.1,6.6,31.3,9.8
H004,Hospital San Vicente de Paúl,Colombia,Medellín,Antioquia,1.0,2025,612,92,2.2,5.5,3.0,10.7,6.9,8.7,3.6,32.4,8.5
H004,Hospital San Vicente de Paúl,Colombia,Medellín,Antioquia,1.0,2024,1884,89,3.5,3.0,1.7,9.7,4.6,24.1,7.1,12.8,6.5
H004,Hospital San Vicente de Paúl,Colombia,Medellín,Antioquia,9.0,2024,764,54,2.7,4.1,0.7,14.2,7.3,5.2,7.5,22.3,7.8
H004,Hospital San Vicente de Paúl,Colombia,Medellín,Antioquia,12.0,2024,604,71,3.4,3.4,1.1,13.4,5.1,14.7,10.5,12.3,7.6
H004,Hospital San Vicente de Paúl,Colombia,Medellín,Antioquia,4.0,2024,1159,50,2.5,6.9,0.7,7.3,4.5,14.9,4.7,13.0,13.1
H004,Hospital San Vicente de Paúl,Colombia,Medellín,Antioquia,8.0,2024,743,93,7.0,9.0,3.9,9.0,9.4,10.8,6.9,26.7,8.7
H004,Hospital San Vicente de Paúl,Colombia,Medellín,Antioquia,7.0,2024,1000,75,4.06,5.96,3.1,16.13,6.4,13.73,9.83,26.82,10.97
H004,Hospital San Vicente de Paúl,Colombia,Medellín,Antioquia,1.0,2024,987,68,3.8,6.2,3.1,16.7,6.8,14.2,9.5,24.3,9.7
H004,Hospital San Vicente de Paúl,Colombia,Medellín,Antioquia,2.0,2024,945,64,3.6,6.0,2.9,16.2,6.6,13.8,9.1,23.7,9.4
H004,Hospital San Vicente de Paúl,Colombia,Medellín,Antioquia,3.0,2024,1024,71,4.0,6.5,3.2,17.3,7.1,14.8,9.9,25.1,10.1
H004,Hospital San Vicente de Paúl,Colombia,Medellín,Antioquia,4.0,2024,1002,69,3.9,6.3,3.1,16.9,6.9,14.4,9.6,24.5,9.8
H004,Hospital San Vicente de Paúl,Colombia,Medellín,Antioquia,5.0,2024,1011,70,3.9,6.4,3.2,17.1,7.0,14.6,9.8,24.8,10.0
H004,Hospital San Vicente de Paúl,Colombia,Medellín,Antioquia,5.0,2024,1245,153,2.8,3.4,3.2,13.1,3.5,20.3,6.8,18.3,6.7
H004,Hospital San Vicente de Paúl,Colombia,Medellín,Antioquia,7.0,2024,1018,71,4.0,6.5,3.2,17.2,7.0,14.7,9.8,25.0,10.0
H004,Hospital San Vicente de Paúl,Colombia,Medellín,Antioquia,1.0,2024,2167,61,2.0,5.6,5.6,8.1,7.6,14.3,13.2,15.4,8.5
H004,Hospital San Vicente de Paúl,Colombia,Medellín,Antioquia,1.0,2024,2145,127,3.9,4.1,1.3,20.1,8.8,7.2,13.2,12.4,7.2
H004,Hospital San Vicente de Paúl,Colombia,Medellín,Antioquia,1.0,2024,1614,52,2.3,3.4,0.6,15.1,4.3,5.3,5.5,19.6,8.8
H004,Hospital San Vicente de Paúl,Colombia,Medellín,Antioquia,6.0,2024,976,67,3.7,6.1,3.0,16.5,6.7,14.0,9.3,24.0,9.6
H004,Hospital San Vicente de Paúl,Colombia,Medellín,Antioquia,8.0,2024,1585,135,3.6,8.9,1.7,10.1,4.6,6.0,3.6,13.9,8.1
H004,Hospital San Vicente de Paúl,Colombia,Medellín,Antioquia,11.0,2024,1830,61,3.1,6.0,1.7,16.2,4.3,5.2,4.6,18.1,15.5
H004,Hospital San Vicente de Paúl,Colombia,Medellín,Antioquia,1.0,2024,1237,91,1.5,3.6,4.8,14.0,5.8,7.0,17.0,26.6,6.9
H004,Hospital San Vicente de Paúl,Colombia,Medellín,Antioquia,8.0,2024,998,69,3.8,6.3,3.1,16.8,6.9,14.3,9.6,24.4,9.8
H004,Hospital San Vicente de Paúl,Colombia,Medellín,Antioquia,3.0,2025,1800,112,1.4,7.2,1.8,7.9,6.5,4.8,9.8,18.1,15.2
H004,Hospital San Vicente de Paúl,Colombia,Medellín,Antioquia,12.0,2024,1289,88,5.2,1.9,0.8,6.8,8.9,9.5,7.1,18.4,8.2
H004,Hospital San Vicente de Paúl,Colombia,Medellín,Antioquia,12.0,2024,768,122,4.0,2.5,1.4,12.3,3.5,10.4,14.0,13.4,6.1
H004,Hospital San Vicente de Paúl,Colombia,Medellín,Antioquia,10.0,2024,1007,70,3.9,6.4,3.1,17.0,6.9,14.5,9.7,24.7,9.9
H004,Hospital San Vicente de Paúl,Colombia,Medellín,Antioquia,10.0,2024,1007,70,3.9,6.4,3.1,17.0,6.9,14.5,9.7,24.7,9.9
H004,Hospital San Vicente de Paúl,Colombia,Medellín,Antioquia,11.0,2024,993,69,3.8,6.3,3.1,16.8,6.8,14.3,9.5,24.4,9.7
H004,Hospital San Vicente de Paúl,Colombia,Medellín,Antioquia,12.0,2024,1026,72,4.1,6.6,3.3,17.4,7.1,14.9,10.0,25.2,10.2
H004,Hospital San Vicente de Paúl,Colombia,Medellín,Antioquia,1.0,2025,1001,69,3.6,5.9,2.9,15.8,6.5,13.5,8.9,23.2,9.2
H004,Hospital San Vicente de Paúl,Colombia,Medellín,Antioquia,4.0,2024,1330,156,1.8,2.6,0.8,18.7,6.2,6.8,6.6,15.4,7.8
H005,Hospital Maciel,Uruguay,Montevideo,Montevideo,9.0,2024,687,89,1.5,4.8,2.7,12.3,3.6,9.3,6.0,13.9,6.1
H005,Hospital Maciel,Uruguay,Montevideo,Montevideo,3.0,2025,683,87,2.2,2.9,1.8,12.5,7.7,6.4,3.7,24.3,13.0
H005,Hospital Maciel,Uruguay,Montevideo,Montevideo,2.0,2024,1534,123,3.6,10.4,2.9,9.4,7.5,3.6,3.8,9.2,6.6
H005,Hospital Maciel,Uruguay,Montevideo,Montevideo,3.0,2024,768,53,2.9,4.9,2.4,14.3,6.1,11.0,7.4,20.8,8.7
H005,Hospital Maciel,Uruguay,Montevideo,Montevideo,4.0,2024,751,52,2.8,4.8,2.3,14.0,6.0,10.7,7.2,20.5,8.5
H005,Hospital Maciel,Uruguay,Montevideo,Montevideo,5.0,2024,759,52,2.9,4.8,2.3,14.1,6.0,10.8,7.3,20.6,8.6
H005,Hospital Maciel,Uruguay,Montevideo,Montevideo,6.0,2024,728,50,2.7,4.6,2.2,13.5,5.8,10.3,6.9,19.9,8.2
H005,Hospital Maciel,Uruguay,Montevideo,Montevideo,7.0,2024,764,53,2.9,4.9,2.4,14.2,6.1,10.9,7.3,20.7,8.7
H005,Hospital Maciel,Uruguay,Montevideo,Montevideo,6.0,2024,845,50,1.4,8.5,1.9,11.8,6.4,6.7,6.8,24.5,5.9
H005,Hospital Maciel,Uruguay,Montevideo,Montevideo,8.0,2024,748,52,2.8,4.7,2.3,13.9,5.9,10.6,7.2,20.4,8.5
H005,Hospital Maciel,Uruguay,Montevideo,Montevideo,9.0,2024,735,51,2.7,4.6,2.2,13.7,5.8,10.4,7.0,20.1,8.3
H005,Hospital Maciel,Uruguay,Montevideo,Montevideo,10.0,2024,756,52,2.8,4.8,2.3,14.0,6.0,10.7,7.2,20.5,8.6
H005,Hospital Maciel,Uruguay,Montevideo,Montevideo,11.0,2024,745,51,2.8,4.7,2.3,13.8,5.9,10.5,7.1,20.3,8.4
H005,Hospital Maciel,Uruguay,Montevideo,Montevideo,12.0,2024,770,54,3.0,4.9,2.4,14.4,6.1,11.1,7.5,20.9,8.8
H005,Hospital Maciel,Uruguay,Montevideo,Montevideo,1.0,2025,752,52,2.6,4.4,2.1,13.1,5.6,9.9,6.6,19.2,7.9
H005,Hospital Maciel,Uruguay,Montevideo,Montevideo,1.0,2025,2184,105,1.3524122430005976,5.2,3.0,11.290008477859027,4.3,13.45,4.7,24.2,6.3
H005,Hospital Maciel,Uruguay,Montevideo,Montevideo,1.0,2024,743,51,2.8,4.7,2.3,13.8,5.9,10.5,7.1,20.2,8.4
H005,Hospital Maciel,Uruguay,Montevideo,Montevideo,2.0,2024,712,48,2.6,4.5,2.1,13.3,5.7,10.1,6.8,19.6,8.1
H005,Hospital Maciel,Uruguay,Montevideo,Montevideo,9.0,2024,1598,136,2.3,2.4,1.3,12.4,8.7,7.3,6.1,12.1,4.8
H005,Hospital Maciel,Uruguay,Montevideo,Montevideo,12.0,2024,696,55,3.18,4.69,2.57,13.91,5.67,10.28,7.45,22.15,9.21
H005,Hospital Maciel,Uruguay,Montevideo,Montevideo,3.0,2024,1059,188,2.2,10.1,0.7,10.3,4.6,8.5,6.8,26.1,5.0
H005,Hospital Maciel,Uruguay,Montevideo,Montevideo,4.0,2024,751,52,2.8,4.8,2.3,14.0,6.0,10.7,7.2,20.5,8.5
H005,Hospital Maciel,Uruguay,Montevideo,Montevideo,1.0,2024,743,51,2.8,4.7,2.3,13.8,5.9,10.5,7.1,20.2,8.4
H005,Hospital Maciel,Uruguay,Montevideo,Montevideo,5.0,2024,1296,60,2.4,2.1,1.6,16.7,3.9,6.8,9.7,20.3,4.6
H005,Hospital Maciel,Uruguay,Montevideo,Montevideo,6.0,2024,694,93,5.3,5.6,2.8,23.6,4.6,10.8,6.7,40.0,6.6
H005,Hospital Maciel,Uruguay,Montevideo,Montevideo,1.0,2024,1765,119,3.6,2.5,2.2,17.2,4.7,8.0,4.6,14.7,13.4
H005,Hospital Maciel,Uruguay,Montevideo,Montevideo,8.0,2024,1835,61,1.8,2.6,2.2,12.3,4.4,5.8,3.6,31.7,6.7
H005,Hospital Maciel,Uruguay,Montevideo,Montevideo,12.0,2024,770,54,3.0,4.9,2.4,14.4,6.1,11.1,7.5,20.9,8.8
H005,Hospital Maciel,Uruguay,Montevideo,Montevideo,7.0,2024,779,54,2.71,4.79,2.36,13.5,5.91,9.45,6.87,20.16,8.11
H005,Hospital Maciel,Uruguay,Montevideo,Montevideo,12.0,2024,770,54,3.0,4.9,2.4,14.4,6.1,11.1,7.5,20.9,8.8
H005,Hospital Maciel,Uruguay,Montevideo,Montevideo,3.0,2024,768,53,2.9,4.9,2.4,14.3,6.1,11.0,7.4,20.8,8.7
H005,Hospital Maciel,Uruguay,Montevideo,Montevideo,6.0,2025,738,51,2.68,4.54,2.12,12.95,5.82,10.01,6.68,18.34,7.97
H005,Hospital Maciel,Uruguay,Montevideo,Montevideo,10.0,2024,756,52,2.8,4.8,2.3,14.0,6.0,10.7,7.2,20.5,8.6
H005,Hospital Maciel,Uruguay,Montevideo,Montevideo,8.0,2024,1865,160,1.5,6.7,5.7,12.7,7.8,20.7,6.5,26.4,6.5
H005,Hospital Maciel,Uruguay,Montevideo,Montevideo,6.0,2024,751,54,2.65,5.05,2.08,13.8,6.01,10.67,6.97,20.18,8.31
H005,Hospital Maciel,Uruguay,Montevideo,Montevideo,2.0,2024,736,54,2.75,4.67,2.31,13.24,6.06,11.02,7.22,21.09,8.09
H005,Hospital Maciel,Uruguay,Montevideo,Montevideo,1.0,2024,567,58,1.5,2.7,1.8,10.8,7.4,10.4,4.2,9.2,13.7
H005,Hospital Maciel,Uruguay,Montevideo,Montevideo,2.0,2024,1011,61,3.7,2.6,3.0,21.7,6.9,5.3,7.2,13.2,6.9
H005,Hospital Maciel,Uruguay,Montevideo,Montevideo,1.0,2025,752,79,2.6,4.2,1.4,6.8,5.4,10.4,10.2,20.8,8.2
H005,Hospital Maciel,Uruguay,Montevideo,Montevideo,2.0,2024,752,126,2.6,6.6,3.9,16.8,5.7,3.3,6.7,15.2,6.2
H005,Hospital Maciel,Uruguay,Montevideo,Montevideo,9.0,2024,1338,135,2.6,10.7,2.3,13.5,6.7,6.6,7.1,10.2,12.8
H005,Hospital Maciel,Uruguay,Montevideo,Montevideo,2.0,2025,2202,154,2.6,3.5,3.9,13.0,4.6,8.4,3.1,18.1,11.6
H005,Hospital Maciel,Uruguay,Montevideo,Montevideo,1.0,2024,684,51,2.96,4.45,2.5,13.18,6.31,10.21,7.1,22.2,8.71
H005,Hospital Maciel,Uruguay,Montevideo,Montevideo,7.0,2024,751,58,3.06,5.25,2.26,14.27,5.95,9.87,6.61,22.09,8.86
H005,Hospital Maciel,Uruguay,Montevideo,Montevideo,4.0,2024,777,47,2.71,4.63,2.32,13.8,5.66,11.33,7.38,18.66,7.84
H005,Hospital Maciel,Uruguay,Montevideo,Montevideo,12.0,2024,993,60,1.4,2.6,3.3,9.1,3.5,3.3,7.0,24.7,9.5
H005,Hospital Maciel,Uruguay,Montevideo,Montevideo,9.0,2024,1736,132,4.0,4.0,3.1,10.8,4.8,7.3,9.9,29.2,5.5
H005,Hospital Maciel,Uruguay,Montevideo,Montevideo,2.0,2024,774,54,2.78,4.64,2.28,14.75,5.98,10.89,7.07,20.31,8.61
H005,Hospital Maciel,Uruguay,Montevideo,Montevideo,6.0,2024,728,50,2.7,4.6,2.2,13.5,5.8,10.3,6.9,19.9,8.2
H006,Hospital Italiano,Argentina,Buenos Aires,Buenos Aires Province,1.0,2024,982,136,2.6,2.7,1.1,12.7,4.8,8.5,5.5,33.2,16.3
H006,Hospital Italiano,Argentina,Buenos Aires,Buenos Aires Province,12.0,2024,1836,129,1.96,3.21,1.24,10.4,4.82,6.52,5.24,15.01,6.7
H006,Hospital Italiano,Argentina,Buenos Aires,Buenos Aires Province,5.0,2024,1858,132,1.8,3.2,1.4,10.8,4.8,7.0,5.2,15.0,6.9
H006,Hospital Italiano,Argentina,Buenos Aires,Buenos Aires Province,11.0,2024,1619,92,2.6,4.1,1.1,11.8,5.7,20.7,8.8,10.4,5.2
H006,Hospital Italiano,Argentina,Buenos Aires,Buenos Aires Province,7.0,2024,2156,136,2.5,5.9,4.2,9.3,6.9,9.8,16.2,13.3,15.2
H006,Hospital Italiano,Argentina,Buenos Aires,Buenos Aires Province,1.0,2024,2713,78,3.4,2.3,1.6,17.2,8.0,7.8,7.5,18.6,5.9
H006,Hospital Italiano,Argentina,Buenos Aires,Buenos Aires Province,2.0,2024,856,63,1.3,1.7,5.3,10.1,5.2,9.9,6.6,20.1,7.0
H006,Hospital Italiano,Argentina,Buenos Aires,Buenos Aires Province,10.0,2024,1835,117,1.74,3.42,1.51,10.13,4.86,6.83,5.11,15.39,7.53
H006,Hospital Italiano,Argentina,Buenos Aires,Buenos Aires Province,1.0,2025,2012,116,1.73,2.95,1.17,10.23,4.9,6.63,5.12,14.68,6.81
H006,Hospital Italiano,Argentina,Buenos Aires,Buenos Aires Province,9.0,2024,1898,122,1.57,3.05,1.43,10.31,4.26,6.39,5.31,14.58,6.79
H006,Hospital Italiano,Argentina,Buenos Aires,Buenos Aires Province,11.0,2024,2013,138,1.97,3.13,1.41,9.97,4.43,6.41,5.56,13.49,6.99
H006,Hospital Italiano,Argentina,Buenos Aires,Buenos Aires Province,9.0,2024,1647,184,4.0,3.8,3.3,10.6,10.9,18.7,9.3,10.5,6.8
H006,Hospital Italiano,Argentina,Buenos Aires,Buenos Aires Province,1.0,2025,1447,86,1.9,4.5,1.0,6.6,5.5,9.3,6.2,15.1,5.8
H006,Hospital Italiano,Argentina,Buenos Aires,Buenos Aires Province,1.0,2024,1682,99,1.7,4.1,1.9,9.4,7.4,8.5,6.8,33.2,8.7
H006,Hospital Italiano,Argentina,Buenos Aires,Buenos Aires Province,5.0,2024,1026,90,6.7,1.8,3.8,14.1,3.5,8.2,12.8,14.0,10.2
H006,Hospital Italiano,Argentina,Buenos Aires,Buenos Aires Province,12.0,2024,1847,53,1.8,4.9,3.0,13.6,5.6,9.0,6.1,18.5,7.8
H006,Hospital Italiano,Argentina,Buenos Aires,Buenos Aires Province,9.0,2024,820,57,4.9,3.4,2.8,19.8,5.5,6.5,13.7,13.2,6.6
H006,Hospital Italiano,Argentina,Buenos Aires,Buenos Aires Province,1.0,2024,1545,29,3.7,6.0,3.0,9.3,8.7,13.0,3.6,12.1,9.5
H006,Hospital Italiano,Argentina,Buenos Aires,Buenos Aires Province,12.0,2024,2196,102,2.5,2.7,1.0,10.2,6.7,6.1,8.8,14.7,7.9
H006,Hospital Italiano,Argentina,Buenos Aires,Buenos Aires Province,11.0,2024,1420,73,3.8,7.1,1.1,7.2,3.6,3.6,6.4,17.7,6.2
H006,Hospital Italiano,Argentina,Buenos Aires,Buenos Aires Province,1.0,2024,1813,131,1.77,3.09,1.43,10.83,4.79,7.17,5.11,15.01,6.77
H006,Hospital Italiano,Argentina,Buenos Aires,Buenos Aires Province,4.0,2024,1496,122,2.6,3.0,2.3,9.2,4.9,14.1,4.9,25.2,9.8
H006,Hospital Italiano,Argentina,Buenos Aires,Buenos Aires Province,11.0,2024,1734,155,1.5,4.9,1.3,24.9,4.8,3.6,3.4,11.6,8.0
H006,Hospital Italiano,Argentina,Buenos Aires,Buenos Aires Province,4.0,2024,1754,123,5.3,2.2,1.7,10.6,3.7,24.1,7.1,13.1,7.3
H006,Hospital Italiano,Argentina,Buenos Aires,Buenos Aires Province,2.0,2024,1319,115,6.8,3.8,1.1,26.5,10.8,9.4,5.3,18.3,7.3
H006,Hospital Italiano,Argentina,Buenos Aires,Buenos Aires Province,9.0,2024,1856,132,1.89,3.06,1.32,11.01,4.51,7.23,5.05,14.74,6.71
H006,Hospital Italiano,Argentina,Buenos Aires,Buenos Aires Province,2.0,2024,1842,131,1.71,3.16,1.46,10.52,4.75,7.01,5.04,14.83,6.83
H006,Hospital Italiano,Argentina,Buenos Aires,Buenos Aires Province,8.0,2024,1858,188,2.1,2.9,1.1,26.4,3.8,4.3,2.6,22.5,12.6
H006,Hospital Italiano,Argentina,Buenos Aires,Buenos Aires Province,8.0,2024,1842,130,1.8,3.1,1.4,10.6,4.7,6.9,5.1,14.8,6.8
H006,Hospital Italiano,Argentina,Buenos Aires,Buenos Aires Province,8.0,2024,1843,133,1.77,3.03,1.34,10.69,4.65,6.62,5.15,14.84,6.74
H006,Hospital Italiano,Argentina,Buenos Aires,Buenos Aires Province,10.0,2024,1290,156,2.2,2.5,3.1,11.1,4.8,9.5,4.2,14.7,7.0
H006,Hospital Italiano,Argentina,Buenos Aires,Buenos Aires Province,7.0,2024,1746,155,2.4,3.9,1.6,10.0,4.1,7.9,13.2,36.8,7.0
H006,Hospital Italiano,Argentina,Buenos Aires,Buenos Aires Province,6.0,2024,1317,75,1.3,3.0,1.3,27.1,5.3,4.2,4.4,13.0,16.3
H006,Hospital Italiano,Argentina,Buenos Aires,Buenos Aires Province,5.0,2024,1858,132,1.8,3.2,1.4,10.8,4.8,7.0,5.2,15.0,6.9
H006,Hospital Italiano,Argentina,Buenos Aires,Buenos Aires Province,4.0,2024,1845,131,1.8,3.1,1.4,10.7,4.7,6.9,5.2,14.9,6.9
H006,Hospital Italiano,Argentina,Buenos Aires,Buenos Aires Province,2.0,2024,1789,125,1.7,3.0,1.3,10.1,4.6,6.5,4.9,14.2,6.6
H006,Hospital Italiano,Argentina,Buenos Aires,Buenos Aires Province,1.0,2024,1834,129,1.8,3.1,1.4,10.5,4.7,6.8,5.1,14.7,6.8
H006,Hospital Italiano,Argentina,Buenos Aires,Buenos Aires Province,6.0,2024,1812,127,1.7,3.0,1.3,10.3,4.6,6.6,5.0,14.4,6.7
H006,Hospital Italiano,Argentina,Buenos Aires,Buenos Aires Province,8.0,2024,1842,130,1.8,3.1,1.4,10.6,4.7,6.9,5.1,14.8,6.8
H006,Hospital Italiano,Argentina,Buenos Aires,Buenos Aires Province,7.0,2024,1867,132,1.9,3.2,1.4,10.8,4.8,7.1,5.3,15.1,7.0
H006,Hospital Italiano,Argentina,Buenos Aires,Buenos Aires Province,10.0,2024,1854,131,1.8,3.2,1.4,10.7,4.8,6.9,5.2,14.9,6.9
H006,Hospital Italiano,Argentina,Buenos Aires,Buenos Aires Province,11.0,2024,1837,129,1.8,3.1,1.4,10.6,4.7,6.8,5.1,14.7,6.8
H006,Hospital Italiano,Argentina,Buenos Aires,Buenos Aires Province,12.0,2024,1875,134,1.9,3.2,1.4,11.0,4.8,7.2,5.3,15.3,7.1
H006,Hospital Italiano,Argentina,Buenos Aires,Buenos Aires Province,1.0,2025,1848,130,1.6,2.9,1.2,9.8,4.5,6.3,4.7,13.9,6.5
H006,Hospital Italiano,Argentina,Buenos Aires,Buenos Aires Province,9.0,2024,1823,128,1.7,3.1,1.3,10.4,4.7,6.7,5.0,14.5,6.7
H006,Hospital Italiano,Argentina,Buenos Aires,Buenos Aires Province,3.0,2024,1872,133,1.9,3.2,1.4,10.9,4.8,7.1,5.3,15.2,7.0
H007,Hospital Cayetano Heredia,Peru,Lima,Lima Region,11.0,2024,1268,128,2.5,4.6,1.5,11.4,8.6,19.2,6.3,29.6,9.4
H007,Hospital Cayetano Heredia,Peru,Lima,Lima Region,5.0,2024,1145,80,3.2,5.4,2.7,15.6,6.4,12.5,8.0,22.9,9.3
H007,Hospital Cayetano Heredia,Peru,Lima,Lima Region,6.0,2024,1102,77,3.0,5.2,2.5,15.0,6.2,11.9,7.6,22.1,8.9
H007,Hospital Cayetano Heredia,Peru,Lima,Lima Region,2.0,2024,768,29,5.7,7.7,3.7,26.5,7.1,7.7,5.6,16.0,10.8
H007,Hospital Cayetano Heredia,Peru,Lima,Lima Region,4.0,2024,1959,54,2.5,3.3,2.2,16.6,5.7,3.9,9.3,17.9,7.5
H007,Hospital Cayetano Heredia,Peru,Lima,Lima Region,4.0,2024,1134,79,3.1,5.4,2.6,15.4,6.4,12.3,7.9,22.7,9.2
H007,Hospital Cayetano Heredia,Peru,Lima,Lima Region,4.0,2024,867,88,2.0,5.3,5.6,10.9,4.4,5.2,6.3,19.5,9.9
H007,Hospital Cayetano Heredia,Peru,Lima,Lima Region,6.0,2024,1030,74,3.22,5.01,2.62,15.93,6.74,12.03,8.03,21.76,9.73
H007,Hospital Cayetano Heredia,Peru,Lima,Lima Region,3.0,2024,1801,42,3.8,7.3,1.7,13.4,5.3,8.7,4.3,12.7,6.0
H007,Hospital Cayetano Heredia,Peru,Lima,Lima Region,3.0,2024,1156,81,3.2,5.5,2.7,15.7,6.5,12.6,8.1,23.1,9.4
H007,Hospital Cayetano Heredia,Peru,Lima,Lima Region,2.0,2025,1330,123,2.5,7.7,3.5,12.3,6.3,7.4,9.3,10.6,6.3
H007,Hospital Cayetano Heredia,Peru,Lima,Lima Region,10.0,2024,1274,88,2.1,2.5,2.1,13.4,8.1,5.4,3.8,24.4,8.3
H007,Hospital Cayetano Heredia,Peru,Lima,Lima Region,7.0,2024,1141,79,3.36,5.4,2.54,16.03,6.51,12.87,7.81,23.03,8.78
H007,Hospital Cayetano Heredia,Peru,Lima,Lima Region,2.0,2024,1147,75,3.03,5.21,2.61,15.41,6.61,12.55,7.69,22.04,9.26
H007,Hospital Cayetano Heredia,Peru,Lima,Lima Region,3.0,2024,1156,81,3.2,5.5,2.7,15.7,6.5,12.6,8.1,23.1,9.4
H007,Hospital Cayetano Heredia,Peru,Lima,Lima Region,1.0,2025,1101,82,2.86,5.41,2.31,13.86,6.3,11.06,6.63,19.98,7.89
H007,Hospital Cayetano Heredia,Peru,Lima,Lima Region,7.0,2024,1123,154,2.1,3.8,2.5,9.1,3.6,7.3,7.5,38.0,13.0
H007,Hospital Cayetano Heredia,Peru,Lima,Lima Region,4.0,2024,423,72,2.6,6.8,1.1,22.4,7.4,5.2,4.9,18.5,15.9
H007,Hospital Cayetano Heredia,Peru,Lima,Lima Region,1.0,2025,429,105,4.5,6.1,4.3,22.3,4.1,6.9,9.4,8.7,8.0
H007,Hospital Cayetano Heredia,Peru,Lima,Lima Region,8.0,2024,1162,85,3.34,4.81,2.5,14.28,5.68,11.46,7.77,21.8,9.76
H007,Hospital Cayetano Heredia,Peru,Lima,Lima Region,1.0,2025,1060,81,2.94,5.24,2.41,14.42,5.62,10.37,7.22,23.08,8.86
H007,Hospital Cayetano Heredia,Peru,Lima,Lima Region,10.0,2024,1047,72,2.83,5.69,2.48,16.84,7.02,13.36,8.54,23.63,10.12
H007,Hospital Cayetano Heredia,Peru,Lima,Lima Region,1.0,2024,1054,77,3.22,5.66,2.69,13.72,5.88,12.37,7.53,21.67,9.41
H007,Hospital Cayetano Heredia,Peru,Lima,Lima Region,6.0,2024,1049,80,3.24,5.4,2.54,14.86,5.9,12.52,7.88,22.92,9.5
H007,Hospital Cayetano Heredia,Peru,Lima,Lima Region,1.0,2025,1135,79,2.9,5.0,2.4,14.4,6.0,11.4,7.3,21.4,8.7
H007,Hospital Cayetano Heredia,Peru,Lima,Lima Region,12.0,2024,1159,82,3.3,5.6,2.8,15.8,6.5,12.7,8.2,23.2,9.5
H007,Hospital Cayetano Heredia,Peru,Lima,Lima Region,2.0,2024,1087,75,2.9,5.1,2.4,14.7,6.1,11.7,7.5,21.8,8.8
H007,Hospital Cayetano Heredia,Peru,Lima,Lima Region,11.0,2024,1126,79,3.1,5.3,2.6,15.3,6.3,12.2,7.8,22.5,9.1
H007,Hospital Cayetano Heredia,Peru,Lima,Lima Region,9.0,2024,1115,78,3.0,5.3,2.5,15.1,6.3,12.0,7.7,22.3,9.0
H007,Hospital Cayetano Heredia,Peru,Lima,Lima Region,6.0,2024,886,88,3.2,4.3,1.0,10.1,4.5,19.2,3.8,20.3,4.7
H007,Hospital Cayetano Heredia,Peru,Lima,Lima Region,6.0,2024,1102,77,3.0,5.2,2.5,15.0,6.2,11.9,7.6,22.1,8.9
H007,Hospital Cayetano Heredia,Peru,Lima,Lima Region,8.0,2024,1129,79,3.1,5.3,2.6,15.3,6.3,12.2,7.9,22.5,9.1
H007,Hospital Cayetano Heredia,Peru,Lima,Lima Region,8.0,2024,1129,79,3.1,5.3,2.6,15.3,6.3,12.2,7.9,22.5,9.1
H007,Hospital Cayetano Heredia,Peru,Lima,Lima Region,9.0,2025,1146,82,2.97,4.97,2.41,14.18,6.37,11.02,7.42,21.02,9.21
H007,Hospital Cayetano Heredia,Peru,Lima,Lima Region,11.0,2024,1137,76,3.02,5.33,2.6,15.1,6.42,11.79,7.8,22.58,9.26
H007,Hospital Cayetano Heredia,Peru,Lima,Lima Region,10.0,2024,1153,82,2.99,5.28,2.62,16.1,6.34,12.77,7.88,23.12,9.39
H007,Hospital Cayetano Heredia,Peru,Lima,Lima Region,10.0,2024,1140,80,3.1,5.4,2.6,15.5,6.4,12.4,8.0,22.8,9.3
H007,Hospital Cayetano Heredia,Peru,Lima,Lima Region,10.0,2024,1140,80,3.1,5.4,2.6,15.5,6.4,12.4,8.0,22.8,9.3
H007,Hospital Cayetano Heredia,Peru,Lima,Lima Region,11.0,2024,1126,79,3.1,5.3,2.6,15.3,6.3,12.2,7.8,22.5,9.1
H007,Hospital Cayetano Heredia,Peru,Lima,Lima Region,10.0,2024,1140,80,3.1,5.4,2.6,15.5,6.4,12.4,8.0,22.8,9.3
H007,Hospital Cayetano Heredia,Peru,Lima,Lima Region,1.0,2024,1123,78,3.1,5.3,2.6,15.2,6.3,12.1,7.8,22.4,9.1
H007,Hospital Cayetano Heredia,Peru,Lima,Lima Region,7.0,2024,1151,81,3.2,5.5,2.7,15.6,6.5,12.5,8.1,23.0,9.4
H007,Hospital Cayetano Heredia,Peru,Lima,Lima Region,11.0,2024,1211,71,3.29,5.12,2.59,16.47,6.08,11.28,8.3,23.73,9.29
H007,Hospital Cayetano Heredia,Peru,Lima,Lima Region,10.0,2025,687,87,1.4,6.1,1.8,12.0,4.6,21.0,6.7,39.7,10.8
H007,Hospital Cayetano Heredia,Peru,Lima,Lima Region,3.0,2024,1650,129,2.1,3.9,3.0,8.1,4.0,9.3,6.2,13.2,6.6
H007,Hospital Cayetano Heredia,Peru,Lima,Lima Region,3.0,2024,1229,45,3.5,2.6,3.1,10.7,8.6,13.6,2.8,13.2,6.2
H007,Hospital Cayetano Heredia,Peru,Lima,Lima Region,1.0,2024,1296,130,1.9,3.7,1.7,9.2,5.2,5.5,4.1,16.0,11.6
H007,Hospital Cayetano Heredia,Peru,Lima,Lima Region,12.0,2024,1456,61,1.6,4.9,1.6,13.2,6.1,4.3,3.8,24.3,7.2
H008,Hospital México,Costa Rica,San José,San José Province,5.0,2024,1822,102,1.5,7.3,2.0,15.9,5.7,6.3,4.0,18.3,9.7
H008,Hospital México,Costa Rica,San José,San José Province,6.0,2024,878,60,2.4,4.2,1.9,12.7,5.4,9.1,6.3,18.4,7.7
H008,Hospital México,Costa Rica,San José,San José Province,7.0,2024,998,66,2.77,4.56,1.98,13.22,5.15,10.32,7.18,19.87,7.81
H008,Hospital México,Costa Rica,San José,San José Province,6.0,2024,608,120,2.2,4.0,2.8,11.9,4.1,5.6,5.2,18.9,6.7
H008,Hospital México,Costa Rica,San José,San José Province,5.0,2024,912,63,2.6,4.4,2.1,13.3,5.6,9.6,6.6,19.1,8.0
H008,Hospital México,Costa Rica,San José,San José Province,4.0,2024,904,62,2.5,4.4,2.0,13.1,5.6,9.5,6.5,18.9,7.9
H008,Hospital México,Costa Rica,San José,San José Province,3.0,2024,923,64,2.6,4.5,2.1,13.4,5.7,9.7,6.7,19.3,8.1
H008,Hospital México,Costa Rica,San José,San José Province,12.0,2024,1857,79,1.4,2.8,1.1,9.1,4.0,5.8,4.3,40.1,7.8
H008,Hospital México,Costa Rica,San José,San José Province,7.0,2024,413,89,7.1,2.2,2.2,11.6,7.5,7.4,6.7,14.8,7.2
H008,Hospital México,Costa Rica,San José,San José Province,2.0,2024,856,58,2.3,4.1,1.9,12.4,5.3,8.9,6.1,18.1,7.5
H008,Hospital México,Costa Rica,San José,San José Province,1.0,2024,892,61,2.5,4.3,2.0,12.9,5.5,9.3,6.4,18.7,7.8
H008,Hospital México,Costa Rica,San José,San José Province,3.0,2024,923,64,2.6,4.5,2.1,13.4,5.7,9.7,6.7,19.3,8.1
H008,Hospital México,Costa Rica,San José,San José Province,8.0,2024,875,55,2.27,4.31,1.94,14.11,5.89,10.11,6.83,17.75,8.37
H008,Hospital México,Costa Rica,San José,San José Province,4.0,2024,735,90,1.7,3.0,0.9,15.8,4.8,7.5,7.2,20.5,6.1
H008,Hospital México,Costa Rica,San José,San José Province,8.0,2024,899,62,2.5,4.3,2.0,13.0,5.5,9.4,6.5,18.8,7.9
H008,Hospital México,Costa Rica,San José,San José Province,7.0,2024,918,63,2.6,4.5,2.1,13.3,5.7,9.7,6.6,19.2,8.1
H008,Hospital México,Costa Rica,San José,San José Province,6.0,2024,1052,114,2.5,2.1,2.0,8.8,4.3,19.6,7.1,19.0,6.2
H008,Hospital México,Costa Rica,San José,San José Province,9.0,2024,886,61,2.4,4.3,2.0,12.8,5.5,9.2,6.4,18.6,7.8
H008,Hospital México,Costa Rica,San José,San José Province,10.0,2024,909,63,2.5,4.4,2.1,13.2,5.6,9.5,6.6,19.0,8.0
H008,Hospital México,Costa Rica,San José,San José Province,10.0,2024,1254,117,1.4,8.6,3.3,13.6,5.3,16.8,9.0,16.7,10.2
H008,Hospital México,Costa Rica,San José,San José Province,11.0,2024,2623,129,5.7,10.9,1.5,19.8,4.6,14.7,6.3,13.0,7.5
H008,Hospital México,Costa Rica,San José,San José Province,12.0,2024,993,151,1.6,2.4,0.8,13.2,5.5,14.5,8.6,17.1,8.3
H008,Hospital México,Costa Rica,San José,San José Province,11.0,2024,1837,65,2.3,3.5,1.4,13.0,7.0,7.2,6.4,19.6,5.6
H008,Hospital México,Costa Rica,San José,San José Province,11.0,2024,895,62,2.5,4.3,2.0,13.0,5.5,9.3,6.4,18.8,7.8
H008,Hospital México,Costa Rica,San José,San José Province,12.0,2024,925,65,2.7,4.5,2.1,13.5,5.7,9.8,6.8,19.4,8.2
H008,Hospital México,Costa Rica,San José,San José Province,1.0,2025,906,62,2.3,4.0,1.8,12.1,5.2,8.7,6.0,17.8,7.4
H008,Hospital México,Costa Rica,San José,San José Province,2.0,2024,854,55,2.29,4.23,1.95,12.96,5.49,8.3,6.24,18.11,7.0
H008,Hospital México,Costa Rica,San José,San José Province,7.0,2024,982,68,2.59,4.57,1.97,12.89,5.69,9.77,7.02,20.54,8.16
H008,Hospital México,Costa Rica,San José,San José Province,2.0,2024,841,52,2.38,4.2,1.81,13.38,5.35,8.22,6.59,17.01,6.78
H008,Hospital México,Costa Rica,San José,San José Province,9.0,2024,1306,135,3.3,8.6,2.9,7.7,4.3,3.9,4.7,18.6,10.8
H008,Hospital México,Costa Rica,San José,San José Province,6.0,2024,625,29,2.7,3.7,3.0,11.6,4.9,5.6,4.3,27.5,7.6
H008,Hospital México,Costa Rica,San José,San José Province,1.0,2025,906,62,2.3,4.0,1.8,12.1,5.2,8.7,6.0,17.8,7.4
H008,Hospital México,Costa Rica,San José,San José Province,6.0,2024,903,63,2.65,4.17,2.07,13.4,5.25,8.98,5.99,18.65,8.03
H008,Hospital México,Costa Rica,San José,San José Province,7.0,2024,945,63,3.6,2.6,5.6,12.9,5.4,17.7,6.3,34.3,5.5
H008,Hospital México,Costa Rica,San José,San José Province,10.0,2024,1634,29,1.7,4.1,1.7,11.4,5.7,6.8,4.6,20.2,4.8
H008,Hospital México,Costa Rica,San José,San José Province,5.0,2024,426,88,1.7,5.7,1.9,8.3,4.8,10.8,8.9,19.2,8.5
H008,Hospital México,Costa Rica,San José,San José Province,8.0,2024,554,42,1.4,3.3,1.6,9.5,5.1,9.6,7.5,18.0,11.1
H008,Hospital México,Costa Rica,San José,San José Province,11.0,2024,923,80,6.8,8.9,1.6,9.4,7.1,12.2,7.8,19.6,12.6
H008,Hospital México,Costa Rica,San José,San José Province,12.0,2024,1647,62,7.1,2.9,3.1,13.3,6.9,5.7,5.4,17.5,7.9
H008,Hospital México,Costa Rica,San José,San José Province,12.0,2024,873,62,2.5,3.97,2.0,12.99,5.6,9.75,6.65,18.49,7.69
H008,Hospital México,Costa Rica,San José,San José Province,2.0,2024,911,62,2.22,4.09,2.14,13.64,5.48,9.55,6.52,20.21,8.12
H008,Hospital México,Costa Rica,San José,San José Province,12.0,2024,925,65,2.7,4.5,2.1,13.5,5.7,9.8,6.8,19.4,8.2
H008,Hospital México,Costa Rica,San José,San José Province,8.0,2024,895,56,2.2,4.5,2.1,17.1,3.5,11.0,9.5,12.3,8.0
H008,Hospital México,Costa Rica,San José,San José Province,4.0,2024,856,58,1.2,8.8,2.2,12.6,7.1,14.5,12.7,22.5,10.2
H008,Hospital México,Costa Rica,San José,San José Province,8.0,2024,1252,119,3.2,2.6,1.9,8.6,6.9,23.9,3.6,16.3,9.9
H008,Hospital México,Costa Rica,San José,San José Province,5.0,2024,1604,130,1.5,1.8,1.2,9.1,4.6,14.8,6.8,17.7,7.3
H008,Hospital México,Costa Rica,San José,San José Province,3.0,2024,923,64,2.6,4.5,2.1,13.4,5.7,9.7,6.7,19.3,8.1
H008,Hospital México,Costa Rica,San José,San José Province,10.0,2024,891,64,2.61,4.37,2.01,13.3,5.48,8.82,6.45,18.96,8.12
H008,Hospital México,Costa Rica,San José,San José Province,10.0,2024,2202,39,1.6,1.9,1.0,8.8,5.1,7.5,6.5,23.0,15.9
H008,Hospital México,Costa Rica,San José,San José Province,5.0,2024,2689,188,1.8,4.2,1.9,16.4,6.0,8.0,4.5,17.1,10.1
H008,Hospital México,Costa Rica,San José,San José Province,4.0,2024,872,63,2.38,4.24,1.91,12.95,5.67,9.04,6.57,18.53,7.68
H008,Hospital México,Costa Rica,San José,San José Province,2.0,2024,856,58,2.3,4.1,1.9,12.4,5.3,8.9,6.1,18.1,7.5
H008,Hospital México,Costa Rica,San José,San José Province,12.0,2024,925,65,2.7,4.5,2.1,13.5,5.7,9.8,6.8,19.4,8.2
H008,Hospital México,Costa Rica,San José,San José Province,7.0,2024,918,63,2.6,4.5,2.1,13.3,5.7,9.7,6.6,19.2,8.1
H008,Hospital México,Costa Rica,San José,San José Province,3.0,2024,923,64,2.6,4.5,2.1,13.4,5.7,9.7,6.7,19.3,8.1
H009,Hospital Roosevelt,Guatemala,Guatemala City,Guatemala Department,7.0,2024,688,50,4.67,7.26,3.76,18.17,7.51,16.12,12.42,29.53,10.98
H009,Hospital Roosevelt,Guatemala,Guatemala City,Guatemala Department,5.0,2024,694,46,4.6,7.5,3.8,20.3,8.1,17.3,11.5,29.2,11.6
H009,Hospital Roosevelt,Guatemala,Guatemala City,Guatemala Department,9.0,2024,737,43,4.66,7.89,3.71,18.19,8.25,17.12,10.62,27.84,11.93
H009,Hospital Roosevelt,Guatemala,Guatemala City,Guatemala Department,4.0,2024,687,46,4.6,7.4,3.8,20.1,8.0,17.1,11.4,29.0,11.5
H009,Hospital Roosevelt,Guatemala,Guatemala City,Guatemala Department,10.0,2024,701,51,4.41,7.54,3.76,18.27,8.45,18.18,12.52,26.56,10.77
H009,Hospital Roosevelt,Guatemala,Guatemala City,Guatemala Department,12.0,2024,705,48,4.8,7.7,3.9,20.6,8.3,17.6,11.8,29.6,11.8
H009,Hospital Roosevelt,Guatemala,Guatemala City,Guatemala Department,6.0,2024,662,44,4.3,7.1,3.6,19.5,7.7,16.5,10.9,28.0,11.1
H009,Hospital Roosevelt,Guatemala,Guatemala City,Guatemala Department,7.0,2024,698,47,4.7,7.6,3.9,20.4,8.2,17.4,11.6,29.4,11.7
H009,Hospital Roosevelt,Guatemala,Guatemala City,Guatemala Department,11.0,2024,680,45,4.5,7.3,3.7,19.9,7.9,16.8,11.2,28.6,11.3
H009,Hospital Roosevelt,Guatemala,Guatemala City,Guatemala Department,1.0,2025,689,46,4.2,6.8,3.4,18.7,7.4,15.8,10.5,27.1,10.7
H009,Hospital Roosevelt,Guatemala,Guatemala City,Guatemala Department,10.0,2024,691,46,4.6,7.5,3.8,20.2,8.1,17.2,11.5,29.1,11.6
H009,Hospital Roosevelt,Guatemala,Guatemala City,Guatemala Department,9.0,2024,694,49,4.25,7.55,3.63,19.07,7.46,15.34,12.12,25.61,10.87
H009,Hospital Roosevelt,Guatemala,Guatemala City,Guatemala Department,7.0,2024,652,47,4.37,7.36,3.66,19.27,7.81,16.57,11.11,28.34,11.1
H009,Hospital Roosevelt,Guatemala,Guatemala City,Guatemala Department,1.0,2024,651,45,4.46,6.94,4.0,19.86,7.49,18.32,11.72,26.4,11.02
H009,Hospital Roosevelt,Guatemala,Guatemala City,Guatemala Department,1.0,2024,1008,38,3.97,9.3,1.2,17.08,6.7,8.7,4.4,18.7,6.9
H009,Hospital Roosevelt,Guatemala,Guatemala City,Guatemala Department,4.0,2024,1002,113,4.2,2.8,1.3,19.9,6.8,15.3,13.6,11.4,7.7
H009,Hospital Roosevelt,Guatemala,Guatemala City,Guatemala Department,4.0,2024,1472,37,4.6,2.6,1.9,19.1,3.6,5.6,9.7,11.8,8.2
H009,Hospital Roosevelt,Guatemala,Guatemala City,Guatemala Department,8.0,2024,1755,48,4.7,3.7,0.7,19.7,4.3,18.7,4.9,13.0,7.0
H009,Hospital Roosevelt,Guatemala,Guatemala City,Guatemala Department,7.0,2024,1578,94,4.5,8.7,4.2,19.1,6.8,19.2,9.1,32.9,7.0
H009,Hospital Roosevelt,Guatemala,Guatemala City,Guatemala Department,8.0,2024,683,45,4.5,7.3,3.7,19.9,7.9,16.9,11.3,28.6,11.4
H009,Hospital Roosevelt,Guatemala,Guatemala City,Guatemala Department,1.0,2024,1556,42,4.5,1.7,1.6,19.7,7.4,8.5,11.5,20.2,4.7
H009,Hospital Roosevelt,Guatemala,Guatemala City,Guatemala Department,6.0,2025,674,46,3.94,6.78,3.4,17.15,7.7,15.2,10.59,26.61,11.05
H009,Hospital Roosevelt,Guatemala,Guatemala City,Guatemala Department,8.0,2024,627,106,4.6,8.1,1.6,19.1,8.1,23.6,6.3,22.8,6.0
H009,Hospital Roosevelt,Guatemala,Guatemala City,Guatemala Department,12.0,2025,718,48,4.38,6.56,3.34,17.75,8.0,14.21,10.19,26.13,10.87
H009,Hospital Roosevelt,Guatemala,Guatemala City,Guatemala Department,1.0,2024,709,42,4.6,7.1,3.69,19.55,7.66,16.55,10.96,28.39,11.44
H009,Hospital Roosevelt,Guatemala,Guatemala City,Guatemala Department,2.0,2024,699,46,4.71,7.35,3.58,19.73,8.07,16.35,11.19,27.99,10.91
H009,Hospital Roosevelt,Guatemala,Guatemala City,Guatemala Department,9.0,2024,672,45,4.4,7.2,3.6,19.7,7.8,16.6,11.1,28.3,11.2
H009,Hospital Roosevelt,Guatemala,Guatemala City,Guatemala Department,1.0,2025,705,46,4.8,7.25,3.06,20.0,7.94,14.48,11.26,26.44,10.82
H009,Hospital Roosevelt,Guatemala,Guatemala City,Guatemala Department,3.0,2024,702,47,4.7,7.6,3.9,20.5,8.2,17.5,11.7,29.5,11.7
H009,Hospital Roosevelt,Guatemala,Guatemala City,Guatemala Department,9.0,2025,1912,106,4.8,6.4,5.2,7.9,4.4,11.9,4.8,18.6,8.2
H009,Hospital Roosevelt,Guatemala,Guatemala City,Guatemala Department,9.0,2024,1249,50,3.8,2.6,1.4,17.13,4.8,6.1,4.2,15.3,8.4
H009,Hospital Roosevelt,Guatemala,Guatemala City,Guatemala Department,11.0,2024,1592,63,4.408537071223354,4.6,1.0,19.070322074264453,5.2,14.1,3.2,13.4,13.2
H009,Hospital Roosevelt,Guatemala,Guatemala City,Guatemala Department,11.0,2024,1115,79,4.628621000469508,2.6,2.0,19.34887831788026,5.9,7.4,9.2,24.4,12.9
H009,Hospital Roosevelt,Guatemala,Guatemala City,Guatemala Department,3.0,2024,1319,93,4.0,2.4,2.9,17.06,4.5,5.9,9.3,29.5,7.2
H009,Hospital Roosevelt,Guatemala,Guatemala City,Guatemala Department,10.0,2024,791,61,4.05,9.2,1.6,16.73,6.3,5.5,4.3,29.6,8.4
H009,Hospital Roosevelt,Guatemala,Guatemala City,Guatemala Department,2.0,2024,1268,93,3.84,9.1,0.8,16.64,8.7,3.5,3.2,10.0,6.7
H009,Hospital Roosevelt,Guatemala,Guatemala City,Guatemala Department,6.0,2024,756,154,3.91,3.7,1.1,16.75,6.9,8.5,11.7,18.5,9.9
H009,Hospital Roosevelt,Guatemala,Guatemala City,Guatemala Department,10.0,2024,1278,125,3.78,3.9,2.5,16.83,6.5,8.0,7.7,32.2,6.5
H009,Hospital Roosevelt,Guatemala,Guatemala City,Guatemala Department,8.0,2024,878,136,2.9,8.9,4.5,11.1,5.6,8.0,4.3,18.4,7.8
H009,Hospital Roosevelt,Guatemala,Guatemala City,Guatemala Department,2.0,2024,1159,63,4.16,2.6,3.6,17.72,4.4,5.6,11.4,18.7,13.7
H009,Hospital Roosevelt,Guatemala,Guatemala City,Guatemala Department,5.0,2024,1087,135,1.5,4.4,1.0,14.1,7.6,7.5,4.4,18.6,6.6
H009,Hospital Roosevelt,Guatemala,Guatemala City,Guatemala Department,4.0,2024,698,53,3.6,1.9,4.5,16.9,8.9,13.5,4.4,19.0,9.4
H009,Hospital Roosevelt,Guatemala,Guatemala City,Guatemala Department,12.0,2024,2130,124,3.76,4.1,2.4,17.11,7.0,19.6,9.5,13.7,6.5
H009,Hospital Roosevelt,Guatemala,Guatemala City,Guatemala Department,4.0,2025,784,30,3.645607328738604,4.1,1.8,15.86182600662584,4.7,13.8,4.7,12.8,9.7
H009,Hospital Roosevelt,Guatemala,Guatemala City,Guatemala Department,7.0,2024,756,130,3.87,2.4,2.2,16.72,5.6,4.3,3.5,31.3,7.9
H009,Hospital Roosevelt,Guatemala,Guatemala City,Guatemala Department,2.0,2024,645,42,4.2,7.0,3.5,19.1,7.6,16.2,10.7,27.6,10.9
H009,Hospital Roosevelt,Guatemala,Guatemala City,Guatemala Department,1.0,2024,678,45,4.5,7.3,3.7,19.8,7.9,16.8,11.2,28.5,11.3
H009,Hospital Roosevelt,Guatemala,Guatemala City,Guatemala Department,2.0,2024,1755,88,2.4,5.9,2.7,11.7,5.1,15.8,4.7,18.5,9.8
H010,Hospital Escuela,Honduras,Tegucigalpa,Francisco Morazán,5.0,2024,909,115,4.43,6.4,4.4,18.54,7.0,10.0,4.6,14.7,6.3
H010,Hospital Escuela,Honduras,Tegucigalpa,Francisco Morazán,10.0,2024,1059,136,5.455125571153035,8.7,1.1,21.59962689208188,9.2,7.4,7.5,20.1,9.6
H010,Hospital Escuela,Honduras,Tegucigalpa,Francisco Morazán,11.0,2024,1496,162,4.64,8.3,1.8,18.73,5.5,5.7,7.2,31.8,5.6
H010,Hospital Escuela,Honduras,Tegucigalpa,Francisco Morazán,4.0,2024,604,36,5.39,8.41,4.76,20.41,8.72,17.69,12.35,32.2,12.84
H010,Hospital Escuela,Honduras,Tegucigalpa,Francisco Morazán,1.0,2024,564,82,4.913641903110739,4.6,5.7,20.67769357202443,4.3,14.6,12.8,19.5,6.5
H010,Hospital Escuela,Honduras,Tegucigalpa,Francisco Morazán,3.0,2024,518,80,4.45,3.3,5.7,18.99,4.9,5.6,4.3,34.5,9.3
H010,Hospital Escuela,Honduras,Tegucigalpa,Francisco Morazán,2.0,2024,2178,69,5.496864151094937,2.6,3.3,20.04281655702024,5.6,8.9,2.9,14.1,8.5
H010,Hospital Escuela,Honduras,Tegucigalpa,Francisco Morazán,1.0,2024,751,113,5.407612048335753,7.9,0.7,20.83916416454117,4.8,10.5,6.4,9.5,8.4
H010,Hospital Escuela,Honduras,Tegucigalpa,Francisco Morazán,9.0,2024,2167,151,4.967552941171959,7.4,2.7,21.12429534999317,5.3,5.3,13.0,17.8,10.0
H010,Hospital Escuela,Honduras,Tegucigalpa,Francisco Morazán,5.0,2025,1822,129,4.169841244759359,2.7,1.3,17.50537226169021,3.8,4.4,2.6,20.6,7.0
H010,Hospital Escuela,Honduras,Tegucigalpa,Francisco Morazán,12.0,2024,2698,151,4.958793088467578,6.0,2.2,20.54587894278677,5.9,14.6,8.9,13.8,4.5
H010,Hospital Escuela,Honduras,Tegucigalpa,Francisco Morazán,4.0,2024,1847,133,4.31,2.6,0.9,18.38,3.6,4.9,7.2,18.3,7.6
H010,Hospital Escuela,Honduras,Tegucigalpa,Francisco Morazán,4.0,2024,1487,92,4.37,8.7,1.8,18.75,4.1,12.3,5.4,14.0,10.7
H010,Hospital Escuela,Honduras,Tegucigalpa,Francisco Morazán,4.0,2024,2156,156,4.55,2.6,0.7,18.15,9.1,4.4,7.2,24.0,6.3
H010,Hospital Escuela,Honduras,Tegucigalpa,Francisco Morazán,10.0,2024,1879,119,1.6,3.8,2.1,12.7,4.3,8.5,5.0,20.1,7.6
H010,Hospital Escuela,Honduras,Tegucigalpa,Francisco Morazán,1.0,2024,2687,46,4.64,9.0,1.5,19.08,4.4,8.6,3.1,22.5,7.5
H010,Hospital Escuela,Honduras,Tegucigalpa,Francisco Morazán,1.0,2025,1712,91,5.0,2.5,1.1,21.0,4.5,6.1,2.6,13.9,8.1
H010,Hospital Escuela,Honduras,Tegucigalpa,Francisco Morazán,3.0,2024,559,37,5.22,8.27,4.3,20.49,8.55,19.56,12.62,32.06,12.19
H010,Hospital Escuela,Honduras,Tegucigalpa,Francisco Morazán,7.0,2024,1267,61,5.2,8.6,1.9,22.0,3.6,14.4,6.9,38.9,15.8
H010,Hospital Escuela,Honduras,Tegucigalpa,Francisco Morazán,3.0,2024,1625,75,5.3,6.1,1.8,21.5,6.8,6.1,9.4,19.4,6.4
H010,Hospital Escuela,Honduras,Tegucigalpa,Francisco Morazán,2.0,2025,1734,34,5.3,5.7,1.6,20.4,5.5,4.4,5.8,19.9,7.9
H010,Hospital Escuela,Honduras,Tegucigalpa,Francisco Morazán,11.0,2024,2104,108,5.3,4.1,1.7,21.8,8.7,7.4,6.2,13.1,4.9
H010,Hospital Escuela,Honduras,Tegucigalpa,Francisco Morazán,4.0,2024,1865,138,5.4,4.4,2.6,21.8,5.5,5.2,3.7,39.8,4.7
H010,Hospital Escuela,Honduras,Tegucigalpa,Francisco Morazán,1.0,2025,1274,158,5.3,4.1,3.1,21.7,5.1,5.0,3.2,24.7,4.8
H010,Hospital Escuela,Honduras,Tegucigalpa,Francisco Morazán,1.0,2024,2187,130,5.2,3.2,3.4,21.0,5.1,5.8,4.5,14.8,16.5
H010,Hospital Escuela,Honduras,Tegucigalpa,Francisco Morazán,8.0,2024,1482,136,5.3,2.5,1.3,21.0,9.6,17.2,11.3,26.4,7.5
H010,Hospital Escuela,Honduras,Tegucigalpa,Francisco Morazán,4.0,2024,556,37,5.39,8.6,4.73,21.61,8.71,18.7,12.51,32.05,12.28
H010,Hospital Escuela,Honduras,Tegucigalpa,Francisco Morazán,6.0,2024,563,36,5.41,8.44,4.25,21.55,8.88,19.02,12.5,31.6,12.64
H010,Hospital Escuela,Honduras,Tegucigalpa,Francisco Morazán,11.0,2024,556,37,5.31,8.51,4.69,20.44,8.56,19.67,12.69,29.66,12.23
H010,Hospital Escuela,Honduras,Tegucigalpa,Francisco Morazán,8.0,2024,539,40,5.13,8.17,4.33,21.98,8.77,19.89,12.81,31.46,12.38
H010,Hospital Escuela,Honduras,Tegucigalpa,Francisco Morazán,5.0,2024,1860,124,5.1,2.3,1.0,21.7,4.9,10.3,7.3,18.6,9.8
H010,Hospital Escuela,Honduras,Tegucigalpa,Francisco Morazán,2.0,2024,1931,92,2.3,6.5,1.8,8.7,5.2,7.5,5.3,20.4,7.1
H010,Hospital Escuela,Honduras,Tegucigalpa,Francisco Morazán,5.0,2024,1295,125,1.7,2.8,4.5,11.5,5.4,6.3,5.5,20.2,8.4
H010,Hospital Escuela,Honduras,Tegucigalpa,Francisco Morazán,5.0,2024,2703,128,3.8,2.9,5.7,14.4,8.8,5.9,5.0,20.3,8.3
H010,Hospital Escuela,Honduras,Tegucigalpa,Francisco Morazán,1.0,2024,1912,42,4.24,1.8,1.0,18.87,4.0,5.2,9.5,17.1,8.4
H010,Hospital Escuela,Honduras,Tegucigalpa,Francisco Morazán,10.0,2024,694,162,4.3,4.2,1.8,18.6,9.6,4.5,4.2,18.8,6.0
H010,Hospital Escuela,Honduras,Tegucigalpa,Francisco Morazán,9.0,2024,1959,80,4.34,2.5,2.3,19.08,3.8,15.3,9.5,34.6,13.6
H010,Hospital Escuela,Honduras,Tegucigalpa,Francisco Morazán,3.0,2024,748,129,4.6,2.6,4.6,19.37,5.1,19.2,5.0,17.0,7.0
H010,Hospital Escuela,Honduras,Tegucigalpa,Francisco Morazán,1.0,2024,543,36,5.2,8.4,4.3,21.7,8.6,18.9,12.8,31.2,12.5
H010,Hospital Escuela,Honduras,Tegucigalpa,Francisco Morazán,2.0,2024,518,34,4.9,8.1,4.0,21.0,8.3,18.2,12.3,30.2,12.1
H010,Hospital Escuela,Honduras,Tegucigalpa,Francisco Morazán,10.0,2024,1547,93,4.44,7.7,1.1,18.57,4.3,19.2,5.3,12.0,8.6
H010,Hospital Escuela,Honduras,Tegucigalpa,Francisco Morazán,3.0,2024,909,29,4.49,4.4,1.0,18.76,3.5,5.7,9.5,19.3,7.9
H010,Hospital Escuela,Honduras,Tegucigalpa,Francisco Morazán,5.0,2024,557,37,5.3,8.6,4.4,22.2,8.8,19.4,13.1,31.9,12.8
H010,Hospital Escuela,Honduras,Tegucigalpa,Francisco Morazán,6.0,2024,531,35,5.0,8.2,4.1,21.3,8.4,18.5,12.5,30.6,12.3
H010,Hospital Escuela,Honduras,Tegucigalpa,Francisco Morazán,7.0,2024,560,38,5.4,8.7,4.5,22.3,8.9,19.5,13.2,32.2,12.9
H010,Hospital Escuela,Honduras,Tegucigalpa,Francisco Morazán,8.0,2024,548,37,5.2,8.5,4.3,21.8,8.7,19.0,12.9,31.3,12.6
H010,Hospital Escuela,Honduras,Tegucigalpa,Francisco Morazán,4.0,2024,512,34,5.13,8.39,4.46,20.34,9.03,17.74,13.47,31.79,13.4
H010,Hospital Escuela,Honduras,Tegucigalpa,Francisco Morazán,3.0,2024,539,42,5.06,8.05,4.55,21.55,8.13,19.33,12.63,33.29,14.29
H010,Hospital Escuela,Honduras,Tegucigalpa,Francisco Morazán,9.0,2024,539,36,5.1,8.3,4.2,21.5,8.6,18.7,12.7,31.0,12.4
H010,Hospital Escuela,Honduras,Tegucigalpa,Francisco Morazán,10.0,2024,554,37,5.3,8.6,4.4,22.1,8.8,19.3,13.1,31.8,12.8
H010,Hospital Escuela,Honduras,Tegucigalpa,Francisco Morazán,11.0,2024,545,36,5.2,8.4,4.3,21.7,8.6,18.9,12.8,31.3,12.5
H010,Hospital Escuela,Honduras,Tegucigalpa,Francisco Morazán,8.0,2024,532,33,5.26,8.59,4.38,21.28,9.17,20.63,13.49,28.43,13.72
H010,Hospital Escuela,Honduras,Tegucigalpa,Francisco Morazán,3.0,2024,564,38,5.4,8.7,4.5,22.4,8.9,19.6,13.3,32.3,13.0
H010,Hospital Escuela,Honduras,Tegucigalpa,Francisco Morazán,3.0,2024,592,40,5.41,9.15,4.84,20.97,8.16,17.79,12.59,35.5,11.81
H010,Hospital Escuela,Honduras,Tegucigalpa,Francisco Morazán,4.0,2024,551,37,5.3,8.5,4.4,22.0,8.7,19.2,13.0,31.7,12.7
H010,Hospital Escuela,Honduras,Tegucigalpa,Francisco Morazán,1.0,2025,552,37,4.9,7.9,3.9,20.4,8.1,17.7,12.0,29.7,11.9
H010,Hospital Escuela,Honduras,Tegucigalpa,Francisco Morazán,12.0,2024,567,39,5.5,8.8,4.5,22.5,9.0,19.7,13.4,32.5,13.1
H010,Hospital Escuela,Honduras,Tegucigalpa,Francisco Morazán,8.0,2024,501,38,5.04,8.43,4.38,20.11,8.94,18.57,12.33,34.43,11.69
H010,Hospital Escuela,Honduras,Tegucigalpa,Francisco Morazán,6.0,2024,539,36,5.32,7.89,4.08,20.97,8.74,17.8,11.56,29.1,11.81
H011,Hospital Universitario de Caracas,Venezuela,Caracas,Capital District,11.0,2025,1254,129,7.1,7.2,3.0,26.6,10.2,14.0,5.8,28.6,6.1
H011,Hospital Universitario de Caracas,Venezuela,Caracas,Capital District,7.0,2024,443,29,5.96,10.86,5.86,26.21,10.73,23.85,16.83,40.02,16.53
H011,Hospital Universitario de Caracas,Venezuela,Caracas,Capital District,8.0,2024,424,30,4.24,2.1,1.5,22.91,4.0,5.0,7.3,20.1,7.6
H011,Hospital Universitario de Caracas,Venezuela,Caracas,Capital District,6.0,2024,1912,62,7.1,8.8,4.5,27.2,9.2,7.0,5.5,12.2,8.8
H011,Hospital Universitario de Caracas,Venezuela,Caracas,Capital District,8.0,2024,1967,124,6.7,9.0,1.8,26.5,6.5,9.2,7.0,13.0,12.5
H011,Hospital Universitario de Caracas,Venezuela,Caracas,Capital District,11.0,2024,424,28,6.8,10.6,5.6,26.5,10.8,24.2,16.2,38.9,15.9
H011,Hospital Universitario de Caracas,Venezuela,Caracas,Capital District,2.0,2024,440,23,6.54,10.8,5.78,26.13,10.18,7.05,17.01,35.61,15.84
H011,Hospital Universitario de Caracas,Venezuela,Caracas,Capital District,10.0,2024,438,27,6.99,9.95,5.91,26.31,10.85,24.45,15.7,41.6,15.96
H011,Hospital Universitario de Caracas,Venezuela,Caracas,Capital District,4.0,2024,441,27,6.77,10.48,5.37,26.54,10.87,23.3,16.74,38.8,16.39
H011,Hospital Universitario de Caracas,Venezuela,Caracas,Capital District,9.0,2024,419,28,6.7,10.4,5.5,26.2,10.7,23.9,16.1,38.5,15.7
H011,Hospital Universitario de Caracas,Venezuela,Caracas,Capital District,11.0,2024,768,125,6.7,6.5,2.2,27.1,4.3,5.5,5.4,17.5,9.7
H011,Hospital Universitario de Caracas,Venezuela,Caracas,Capital District,8.0,2024,426,28,6.9,10.6,5.6,26.6,10.9,24.3,16.4,39.1,16.0
H011,Hospital Universitario de Caracas,Venezuela,Caracas,Capital District,11.0,2024,446,29,6.35,10.72,5.65,26.88,10.43,25.61,16.41,39.08,15.86
H011,Hospital Universitario de Caracas,Venezuela,Caracas,Capital District,10.0,2024,464,30,7.16,9.91,5.18,26.06,10.05,5.99,15.58,38.57,14.6
H011,Hospital Universitario de Caracas,Venezuela,Caracas,Capital District,8.0,2024,430,29,7.28,11.26,5.3,26.77,9.99,7.8,16.0,42.65,15.71
H011,Hospital Universitario de Caracas,Venezuela,Caracas,Capital District,12.0,2024,441,30,7.2,11.0,5.9,27.5,11.3,25.2,17.0,40.3,16.5
H011,Hospital Universitario de Caracas,Venezuela,Caracas,Capital District,2.0,2024,423,24,5.86,10.86,5.22,26.88,9.66,7.39,16.41,35.28,16.26
H011,Hospital Universitario de Caracas,Venezuela,Caracas,Capital District,12.0,2024,424,27,6.96,10.49,5.86,26.12,11.8,5.96,15.58,40.65,16.31
H011,Hospital Universitario de Caracas,Venezuela,Caracas,Capital District,1.0,2025,430,28,6.4,9.8,5.2,24.9,10.2,22.8,15.2,36.8,15.0
H011,Hospital Universitario de Caracas,Venezuela,Caracas,Capital District,4.0,2024,868,124,6.9,5.4,4.5,26.6,4.1,19.7,5.6,19.8,7.9
H011,Hospital Universitario de Caracas,Venezuela,Caracas,Capital District,12.0,2024,429,41,6.8,2.4,1.4,26.6,5.9,14.3,8.5,13.6,12.3
H011,Hospital Universitario de Caracas,Venezuela,Caracas,Capital District,11.0,2024,435,28,6.28,9.98,5.91,26.26,10.73,23.52,15.42,39.85,15.93
H011,Hospital Universitario de Caracas,Venezuela,Caracas,Capital District,4.0,2024,1342,156,7.2,2.5,4.6,27.1,4.7,5.4,13.6,24.8,7.6
H011,Hospital Universitario de Caracas,Venezuela,Caracas,Capital District,11.0,2024,1135,153,7.1,7.6,3.0,27.1,3.8,7.8,9.1,29.5,11.1
H011,Hospital Universitario de Caracas,Venezuela,Caracas,Capital District,1.0,2025,1709,189,3.4,4.7,1.9,27.2,5.5,9.5,6.5,19.4,6.1
H011,Hospital Universitario de Caracas,Venezuela,Caracas,Capital District,3.0,2024,439,29,7.1,10.9,5.8,27.3,11.2,25.0,16.9,40.1,16.4
H011,Hospital Universitario de Caracas,Venezuela,Caracas,Capital District,2.0,2024,402,26,6.4,10.1,5.3,25.5,10.4,23.2,15.5,37.4,15.2
H011,Hospital Universitario de Caracas,Venezuela,Caracas,Capital District,1.0,2024,423,28,6.8,10.5,5.6,26.4,10.8,24.1,16.2,38.7,15.8
H011,Hospital Universitario de Caracas,Venezuela,Caracas,Capital District,10.0,2024,1438,92,6.4,2.9,1.1,27.0,5.8,10.7,4.2,19.0,7.9
H011,Hospital Universitario de Caracas,Venezuela,Caracas,Capital District,7.0,2024,2184,56,4.2,7.5,3.0,22.37,4.4,6.5,7.1,20.5,14.1
H011,Hospital Universitario de Caracas,Venezuela,Caracas,Capital District,7.0,2024,627,105,6.4,4.0,1.0,27.0,6.6,5.6,3.2,24.7,7.1
H011,Hospital Universitario de Caracas,Venezuela,Caracas,Capital District,4.0,2024,429,28,6.9,10.7,5.7,26.8,11.0,24.5,16.5,39.3,16.0
H011,Hospital Universitario de Caracas,Venezuela,Caracas,Capital District,4.0,2025,868,123,3.9239893221337305,2.6,1.5,20.85961515964968,5.4,5.75,4.8,14.7,8.6
H011,Hospital Universitario de Caracas,Venezuela,Caracas,Capital District,7.0,2024,436,58,6.7,2.5,2.5,26.8,7.6,18.9,4.0,15.7,4.4
H011,Hospital Universitario de Caracas,Venezuela,Caracas,Capital District,6.0,2024,802,136,7.0,8.3,1.5,27.0,8.9,5.9,2.6,13.7,8.3
H011,Hospital Universitario de Caracas,Venezuela,Caracas,Capital District,7.0,2024,560,45,6.8,4.6,2.9,27.2,9.0,8.7,4.3,13.5,6.5
H011,Hospital Universitario de Caracas,Venezuela,Caracas,Capital District,11.0,2024,1568,104,6.8,3.0,1.1,27.0,4.6,14.2,6.4,39.3,6.9
H011,Hospital Universitario de Caracas,Venezuela,Caracas,Capital District,12.0,2024,1487,36,6.4,7.5,0.8,27.2,5.1,6.5,3.9,12.9,9.7
H011,Hospital Universitario de Caracas,Venezuela,Caracas,Capital District,1.0,2024,1876,92,6.8,2.3,1.4,27.0,6.9,9.6,3.9,17.7,5.5
H011,Hospital Universitario de Caracas,Venezuela,Caracas,Capital District,12.0,2024,1487,134,6.9,6.4,4.8,27.2,4.9,9.0,4.2,18.5,9.3
H011,Hospital Universitario de Caracas,Venezuela,Caracas,Capital District,1.0,2024,743,92,2.5,2.9,2.3,26.4,4.4,4.7,4.2,15.4,11.4
H011,Hospital Universitario de Caracas,Venezuela,Caracas,Capital District,5.0,2024,434,29,7.0,10.8,5.7,27.0,11.1,24.7,16.7,39.7,16.2
H011,Hospital Universitario de Caracas,Venezuela,Caracas,Capital District,7.0,2024,436,29,7.1,10.9,5.8,27.2,11.2,24.9,16.8,40.0,16.3
H011,Hospital Universitario de Caracas,Venezuela,Caracas,Capital District,8.0,2024,912,91,1.4,4.1,1.0,27.1,11.2,7.5,8.0,23.7,7.7
H011,Hospital Universitario de Caracas,Venezuela,Caracas,Capital District,3.0,2024,604,42,3.4,3.1,3.6,26.6,5.4,3.8,11.3,25.2,12.5
H011,Hospital Universitario de Caracas,Venezuela,Caracas,Capital District,1.0,2024,1746,155,7.1,3.5,2.6,27.0,4.9,4.3,4.5,20.9,6.3
H011,Hospital Universitario de Caracas,Venezuela,Caracas,Capital District,5.0,2024,789,134,4.1,8.5,1.0,26.49038270572218,8.3,6.5,6.9,17.1,5.0
H011,Hospital Universitario de Caracas,Venezuela,Caracas,Capital District,5.0,2024,608,114,1.5,8.7,5.2,26.6009433408267,4.7,9.4,6.9,30.2,6.9
H011,Hospital Universitario de Caracas,Venezuela,Caracas,Capital District,4.0,2024,1252,122,2.4,7.3,0.8,26.73189765679152,7.6,7.4,3.9,16.5,7.2
H011,Hospital Universitario de Caracas,Venezuela,Caracas,Capital District,6.0,2024,413,27,6.6,10.3,5.4,26.0,10.6,23.6,15.9,38.0,15.5
H011,Hospital Universitario de Caracas,Venezuela,Caracas,Capital District,9.0,2024,1020,112,3.2,2.8,2.3,26.242449078667235,8.0,13.1,4.7,18.9,9.8
H011,Hospital Universitario de Caracas,Venezuela,Caracas,Capital District,6.0,2024,2145,41,2.5,6.5,2.1,26.10162124092556,4.3,9.0,6.3,20.8,7.9
H011,Hospital Universitario de Caracas,Venezuela,Caracas,Capital District,5.0,2024,1845,96,3.8,3.0,2.6,26.34301780648269,7.5,4.9,5.9,23.7,8.5
H011,Hospital Universitario de Caracas,Venezuela,Caracas,Capital District,10.0,2024,432,29,7.0,10.8,5.7,27.1,11.1,24.8,16.6,39.8,16.2
H011,Hospital Universitario de Caracas,Venezuela,Caracas,Capital District,9.0,2024,419,28,6.7,10.4,5.5,26.2,10.7,23.9,16.1,38.5,15.7
H011,Hospital Universitario de Caracas,Venezuela,Caracas,Capital District,10.0,2024,2121,63,1.4,7.3,1.1,26.111300065092625,5.1,8.0,5.4,11.4,5.5
H011,Hospital Universitario de Caracas,Venezuela,Caracas,Capital District,8.0,2024,426,28,6.9,10.6,5.6,26.6,10.9,24.3,16.4,39.1,16.0
H011,Hospital Universitario de Caracas,Venezuela,Caracas,Capital District,11.0,2024,1789,28,1.6,2.6,2.0,26.19569117238212,7.4,8.6,4.1,33.2,7.1
H011,Hospital Universitario de Caracas,Venezuela,Caracas,Capital District,1.0,2024,1438,42,6.4,3.4,1.5,26.4,3.9,18.9,6.9,17.5,8.2
H012,Hospital das Clínicas,Brazil,São Paulo,Southeast Brazil,7.0,2024,2669,186,2.17,3.48,1.75,10.65,5.15,7.62,5.84,15.25,7.05
H012,Hospital das Clínicas,Brazil,São Paulo,Southeast Brazil,6.0,2024,2654,187,2.0,3.5,1.6,11.1,4.9,7.3,5.7,15.1,6.8
H012,Hospital das Clínicas,Brazil,São Paulo,Southeast Brazil,1.0,2024,2687,189,2.1,3.6,1.6,11.3,4.9,7.5,5.8,15.4,6.9
H012,Hospital das Clínicas,Brazil,São Paulo,Southeast Brazil,2.0,2024,2623,184,2.0,3.5,1.5,10.9,4.8,7.2,5.5,14.9,6.7
H012,Hospital das Clínicas,Brazil,São Paulo,Southeast Brazil,12.0,2024,1320,79,2.3,5.8,3.4,17.4,4.6,5.7,2.7,14.7,7.1
H012,Hospital das Clínicas,Brazil,São Paulo,Southeast Brazil,7.0,2024,539,52,2.2,5.8,1.6,11.7,5.9,10.6,7.5,17.1,7.9
H012,Hospital das Clínicas,Brazil,São Paulo,Southeast Brazil,10.0,2024,2792,187,2.25,3.3,1.47,10.94,4.81,7.62,5.93,15.37,6.93
H012,Hospital das Clínicas,Brazil,São Paulo,Southeast Brazil,9.0,2024,756,147,1.5,2.6,2.0,9.1,4.3,8.1,4.4,14.9,6.6
H012,Hospital das Clínicas,Brazil,São Paulo,Southeast Brazil,5.0,2024,1703,41,1.6,4.6,2.1,20.6,4.4,19.6,4.3,16.2,8.2
H012,Hospital das Clínicas,Brazil,São Paulo,Southeast Brazil,1.0,2024,1938,125,1.7,3.9,0.7,8.3,6.6,15.9,4.4,15.4,9.5
H012,Hospital das Clínicas,Brazil,São Paulo,Southeast Brazil,7.0,2025,543,94,1.5,4.9,1.3,26.6,7.4,6.0,3.5,12.8,7.9
H012,Hospital das Clínicas,Brazil,São Paulo,Southeast Brazil,6.0,2024,2654,187,2.0,3.5,1.6,11.1,4.9,7.3,5.7,15.1,6.8
H012,Hospital das Clínicas,Brazil,São Paulo,Southeast Brazil,11.0,2024,2689,189,2.1,3.6,1.6,11.4,4.9,7.5,5.8,15.4,6.9
H012,Hospital das Clínicas,Brazil,São Paulo,Southeast Brazil,2.0,2024,2623,184,2.0,3.5,1.5,10.9,4.8,7.2,5.5,14.9,6.7
H012,Hospital das Clínicas,Brazil,São Paulo,Southeast Brazil,9.0,2024,2671,188,2.1,3.6,1.6,11.2,4.9,7.4,5.8,15.3,6.9
H012,Hospital das Clínicas,Brazil,São Paulo,Southeast Brazil,10.0,2024,1295,149,2.7,1.9,1.1,9.1,6.5,11.7,4.7,13.5,8.1
H012,Hospital das Clínicas,Brazil,São Paulo,Southeast Brazil,10.0,2024,2728,188,2.13,3.67,1.74,11.02,4.87,7.29,5.47,16.26,6.69
H012,Hospital das Clínicas,Brazil,São Paulo,Southeast Brazil,1.0,2025,2703,191,1.9,3.4,1.5,10.6,4.7,7.0,5.4,14.6,6.5
H012,Hospital das Clínicas,Brazil,São Paulo,Southeast Brazil,11.0,2024,735,80,6.6,2.1,3.9,21.8,6.9,3.6,5.2,13.2,8.0
H012,Hospital das Clínicas,Brazil,São Paulo,Southeast Brazil,1.0,2024,1011,114,3.7,6.3,2.1,8.9,5.7,8.9,5.4,17.5,6.8
H012,Hospital das Clínicas,Brazil,São Paulo,Southeast Brazil,2.0,2024,2748,199,2.02,3.77,1.42,11.75,4.91,7.36,5.83,15.36,6.57
H012,Hospital das Clínicas,Brazil,São Paulo,Southeast Brazil,4.0,2024,2830,182,2.17,3.41,1.63,10.5,4.65,7.22,6.03,14.25,6.93
H012,Hospital das Clínicas,Brazil,São Paulo,Southeast Brazil,5.0,2024,2476,193,2.39,3.91,1.85,12.23,5.32,7.38,6.4,16.69,7.17
H012,Hospital das Clínicas,Brazil,São Paulo,Southeast Brazil,4.0,2024,2652,172,2.09,4.02,1.46,10.68,5.1,7.41,6.23,15.61,6.42
H012,Hospital das Clínicas,Brazil,São Paulo,Southeast Brazil,5.0,2024,1835,53,1.8,4.3,2.9,11.0,4.9,19.2,4.8,9.8,9.7
H012,Hospital das Clínicas,Brazil,São Paulo,Southeast Brazil,6.0,2024,1298,134,2.3,8.8,1.6,16.6,5.9,4.9,10.3,13.6,7.8
H012,Hospital das Clínicas,Brazil,São Paulo,Southeast Brazil,1.0,2024,2842,183,2.17,3.95,1.54,11.3,5.24,6.97,6.22,16.31,7.25
H012,Hospital das Clínicas,Brazil,São Paulo,Southeast Brazil,2.0,2024,680,159,5.8,8.7,1.8,13.5,4.2,6.6,3.6,10.0,6.0
H012,Hospital das Clínicas,Brazil,São Paulo,Southeast Brazil,5.0,2024,2495,173,2.34,3.54,1.73,10.62,5.34,7.72,5.89,14.73,7.17
H012,Hospital das Clínicas,Brazil,São Paulo,Southeast Brazil,9.0,2024,1823,160,1.2,2.6,1.3,16.5,5.7,5.3,7.2,26.6,7.9
H012,Hospital das Clínicas,Brazil,São Paulo,Southeast Brazil,3.0,2024,539,103,7.0,3.4,1.8,9.7,5.2,5.0,4.4,27.0,9.9
H012,Hospital das Clínicas,Brazil,São Paulo,Southeast Brazil,7.0,2025,1254,129,1.0,5.5,2.9,22.9,4.6,8.4,5.8,9.5,7.9
H012,Hospital das Clínicas,Brazil,São Paulo,Southeast Brazil,12.0,2024,2632,190,1.99,3.96,1.63,11.37,4.94,7.62,5.83,15.23,6.84
H012,Hospital das Clínicas,Brazil,São Paulo,Southeast Brazil,12.0,2024,2750,195,2.3,3.8,1.7,11.8,5.1,8.0,6.2,16.1,7.3
H012,Hospital das Clínicas,Brazil,São Paulo,Southeast Brazil,7.0,2024,2718,187,2.29,3.76,1.72,11.62,4.81,7.41,5.98,14.95,7.12
H012,Hospital das Clínicas,Brazil,São Paulo,Southeast Brazil,3.0,2024,2745,194,2.2,3.8,1.7,11.7,5.1,7.9,6.1,16.0,7.2
H012,Hospital das Clínicas,Brazil,São Paulo,Southeast Brazil,4.0,2024,2698,191,2.1,3.7,1.6,11.5,5.0,7.6,5.9,15.6,7.0
H012,Hospital das Clínicas,Brazil,São Paulo,Southeast Brazil,5.0,2024,2718,193,2.2,3.7,1.7,11.6,5.0,7.8,6.0,15.8,7.1
H012,Hospital das Clínicas,Brazil,São Paulo,Southeast Brazil,6.0,2024,2654,187,2.0,3.5,1.6,11.1,4.9,7.3,5.7,15.1,6.8
H012,Hospital das Clínicas,Brazil,São Paulo,Southeast Brazil,7.0,2024,2738,194,2.2,3.8,1.7,11.7,5.1,7.8,6.1,15.9,7.2
H012,Hospital das Clínicas,Brazil,São Paulo,Southeast Brazil,1.0,2025,2703,191,1.9,3.4,1.5,10.6,4.7,7.0,5.4,14.6,6.5
H012,Hospital das Clínicas,Brazil,São Paulo,Southeast Brazil,8.0,2024,2694,190,2.1,3.6,1.6,11.4,4.9,7.6,5.9,15.5,6.9
H012,Hospital das Clínicas,Brazil,São Paulo,Southeast Brazil,9.0,2024,2671,188,2.1,3.6,1.6,11.2,4.9,7.4,5.8,15.3,6.9
H012,Hospital das Clínicas,Brazil,São Paulo,Southeast Brazil,10.0,2024,2713,192,2.1,3.7,1.7,11.6,5.0,7.7,6.0,15.7,7.1
H012,Hospital das Clínicas,Brazil,São Paulo,Southeast Brazil,11.0,2024,2689,189,2.1,3.6,1.6,11.4,4.9,7.5,5.8,15.4,6.9
H013,Hospital Privado Universitario,Argentina,Córdoba,Córdoba Province,1.0,2025,1465,103,1.7,3.0,1.3,10.1,4.6,6.6,5.0,14.4,6.7
H013,Hospital Privado Universitario,Argentina,Córdoba,Córdoba Province,12.0,2024,1490,106,2.1,3.5,1.6,11.3,5.0,7.5,5.7,15.8,7.3
H013,Hospital Privado Universitario,Argentina,Córdoba,Córdoba Province,11.0,2024,1458,102,1.9,3.3,1.5,10.9,4.8,7.1,5.4,15.3,7.0
H013,Hospital Privado Universitario,Argentina,Córdoba,Córdoba Province,10.0,2024,1470,104,1.9,3.3,1.5,11.0,4.9,7.3,5.5,15.5,7.1
H013,Hospital Privado Universitario,Argentina,Córdoba,Córdoba Province,5.0,2024,1471,109,1.98,3.62,1.42,11.29,4.55,6.67,5.69,16.93,6.81
H013,Hospital Privado Universitario,Argentina,Córdoba,Córdoba Province,11.0,2024,1522,103,1.74,3.04,1.37,10.81,5.01,6.73,5.26,14.88,7.42
H013,Hospital Privado Universitario,Argentina,Córdoba,Córdoba Province,7.0,2024,1421,107,2.14,3.65,1.5,11.65,4.43,6.84,5.74,15.33,7.49
H013,Hospital Privado Universitario,Argentina,Córdoba,Córdoba Province,12.0,2024,1536,59,2.8,1.8,1.7,9.4,5.6,20.9,9.8,28.6,5.1
H013,Hospital Privado Universitario,Argentina,Córdoba,Córdoba Province,4.0,2024,1357,98,2.06,3.22,1.6,11.11,5.18,6.91,5.85,14.74,7.57
H013,Hospital Privado Universitario,Argentina,Córdoba,Córdoba Province,7.0,2024,1380,96,1.98,3.47,1.48,11.89,4.62,7.27,5.99,16.48,7.63
H013,Hospital Privado Universitario,Argentina,Córdoba,Córdoba Province,4.0,2024,1869,73,4.2,4.5,1.1,26.2,5.5,9.0,7.0,34.6,6.4
H013,Hospital Privado Universitario,Argentina,Córdoba,Córdoba Province,9.0,2024,1447,102,1.9,3.3,1.4,10.7,4.8,7.0,5.3,15.1,6.9
H013,Hospital Privado Universitario,Argentina,Córdoba,Córdoba Province,12.0,2024,756,36,1.7,6.3,0.9,16.8,5.8,10.2,7.8,17.0,8.2
H013,Hospital Privado Universitario,Argentina,Córdoba,Córdoba Province,2.0,2024,618,126,2.1,8.9,2.2,9.9,4.3,17.2,4.2,19.0,5.0
H013,Hospital Privado Universitario,Argentina,Córdoba,Córdoba Province,9.0,2024,1037,134,1.6,3.2,1.9,16.6,4.3,10.3,5.2,9.1,5.7
H013,Hospital Privado Universitario,Argentina,Córdoba,Córdoba Province,8.0,2024,1770,29,1.3,2.9,2.0,12.7,6.4,13.6,5.0,14.2,13.7
H013,Hospital Privado Universitario,Argentina,Córdoba,Córdoba Province,6.0,2024,1102,62,1.3,3.0,1.3,7.4,10.6,7.9,7.9,22.7,7.2
H013,Hospital Privado Universitario,Argentina,Córdoba,Córdoba Province,8.0,2024,531,130,1.5,2.3,1.5,8.0,4.3,10.3,7.4,25.2,13.4
H013,Hospital Privado Universitario,Argentina,Córdoba,Córdoba Province,9.0,2024,1474,106,1.98,3.03,1.37,11.31,5.13,7.07,5.8,14.8,7.0
H013,Hospital Privado Universitario,Argentina,Córdoba,Córdoba Province,8.0,2024,1460,103,1.9,3.3,1.5,10.9,4.9,7.2,5.4,15.3,7.0
H013,Hospital Privado Universitario,Argentina,Córdoba,Córdoba Province,4.0,2024,1463,103,1.9,3.3,1.5,11.0,4.9,7.2,5.5,15.4,7.1
H013,Hospital Privado Universitario,Argentina,Córdoba,Córdoba Province,6.0,2024,1437,101,1.8,3.2,1.4,10.6,4.8,6.9,5.3,14.9,6.9
H013,Hospital Privado Universitario,Argentina,Córdoba,Córdoba Province,1.0,2024,1040,48,1.3,2.5,1.8,10.9,4.6,8.5,7.3,33.2,13.5
H013,Hospital Privado Universitario,Argentina,Córdoba,Córdoba Province,9.0,2024,1964,58,2.5,3.7,3.4,16.8,4.0,7.9,16.6,15.7,6.6
H013,Hospital Privado Universitario,Argentina,Córdoba,Córdoba Province,3.0,2024,2687,133,1.9,2.3,4.8,7.9,4.4,7.0,5.3,12.4,5.2
H013,Hospital Privado Universitario,Argentina,Córdoba,Córdoba Province,2.0,2024,413,113,2.4,3.5,1.8,8.9,4.4,10.4,15.9,18.9,9.6
H013,Hospital Privado Universitario,Argentina,Córdoba,Córdoba Province,10.0,2024,1842,136,1.1,4.2,4.6,10.1,5.9,7.1,10.3,18.7,5.6
H013,Hospital Privado Universitario,Argentina,Córdoba,Córdoba Province,6.0,2024,2156,88,1.2,5.4,0.6,12.4,9.4,9.4,5.6,22.7,9.7
H013,Hospital Privado Universitario,Argentina,Córdoba,Córdoba Province,7.0,2024,1481,104,2.0,3.4,1.5,11.1,4.9,7.4,5.6,15.6,7.2
H013,Hospital Privado Universitario,Argentina,Córdoba,Córdoba Province,10.0,2024,691,47,1.6,4.8,1.2,10.4,11.0,5.3,2.7,29.7,5.9
H013,Hospital Privado Universitario,Argentina,Córdoba,Córdoba Province,12.0,2024,1714,47,1.2,1.8,1.9,12.6,4.2,7.2,9.3,9.8,7.5
H013,Hospital Privado Universitario,Argentina,Córdoba,Córdoba Province,10.0,2024,1869,105,1.0,10.6,1.9,13.7,5.3,14.4,6.9,15.1,8.6
H013,Hospital Privado Universitario,Argentina,Córdoba,Córdoba Province,3.0,2024,1812,61,1.8,3.2,1.5,10.0,5.7,12.2,4.3,13.3,7.9
H013,Hospital Privado Universitario,Argentina,Córdoba,Córdoba Province,8.0,2024,596,131,4.2,6.3,1.7,7.7,10.8,8.8,12.8,13.4,10.4
H013,Hospital Privado Universitario,Argentina,Córdoba,Córdoba Province,6.0,2024,1458,136,1.9,6.8,1.7,11.6,5.5,5.7,9.7,16.7,5.8
H013,Hospital Privado Universitario,Argentina,Córdoba,Córdoba Province,1.0,2024,1456,102,1.9,3.3,1.5,10.8,4.8,7.1,5.4,15.2,7.0
H013,Hospital Privado Universitario,Argentina,Córdoba,Córdoba Province,4.0,2024,543,69,2.2,3.4,3.2,21.5,5.6,19.0,5.4,13.1,15.0
H013,Hospital Privado Universitario,Argentina,Córdoba,Córdoba Province,8.0,2024,1467,103,1.4,6.1,1.4,10.7,5.3,4.4,8.0,24.4,6.9
H013,Hospital Privado Universitario,Argentina,Córdoba,Córdoba Province,3.0,2024,1487,105,2.0,3.4,1.5,11.2,5.0,7.4,5.6,15.7,7.2
H013,Hospital Privado Universitario,Argentina,Córdoba,Córdoba Province,12.0,2024,1252,29,6.4,4.8,1.8,9.6,6.9,9.4,5.7,33.2,7.9
H013,Hospital Privado Universitario,Argentina,Córdoba,Córdoba Province,5.0,2024,1474,104,2.0,3.4,1.5,11.1,4.9,7.3,5.5,15.5,7.1
H013,Hospital Privado Universitario,Argentina,Córdoba,Córdoba Province,2.0,2024,1419,99,1.8,3.2,1.4,10.4,4.7,6.8,5.2,14.7,6.8
H013,Hospital Privado Universitario,Argentina,Córdoba,Córdoba Province,1.0,2024,1431,102,1.96,3.37,1.39,11.17,4.65,7.44,5.17,15.17,7.2
H013,Hospital Privado Universitario,Argentina,Córdoba,Córdoba Province,2.0,2024,1214,30,1.9,5.7,1.3,10.1,5.1,14.9,4.2,31.2,7.8
H013,Hospital Privado Universitario,Argentina,Córdoba,Córdoba Province,1.0,2024,1456,102,1.9,3.3,1.5,10.8,4.8,7.1,5.4,15.2,7.0
H013,Hospital Privado Universitario,Argentina,Córdoba,Córdoba Province,6.0,2025,1481,103,1.76,3.25,1.53,10.4,4.78,6.6,4.86,14.37,6.75
H013,Hospital Privado Universitario,Argentina,Córdoba,Córdoba Province,3.0,2024,1473,105,1.96,3.33,1.54,11.41,4.96,6.66,5.18,15.01,7.03
H013,Hospital Privado Universitario,Argentina,Córdoba,Córdoba Province,7.0,2024,1481,104,2.0,3.4,1.5,11.1,4.9,7.4,5.6,15.6,7.2
H013,Hospital Privado Universitario,Argentina,Córdoba,Córdoba Province,9.0,2024,1455,103,1.76,3.37,1.35,10.59,5.0,6.91,5.52,14.55,7.37
H013,Hospital Privado Universitario,Argentina,Córdoba,Córdoba Province,8.0,2025,1456,101,1.87,3.05,1.4,11.07,4.84,7.03,4.99,14.42,7.32
H013,Hospital Privado Universitario,Argentina,Córdoba,Córdoba Province,11.0,2024,1458,102,1.9,3.3,1.5,10.9,4.8,7.1,5.4,15.3,7.0
H013,Hospital Privado Universitario,Argentina,Córdoba,Córdoba Province,5.0,2024,1474,104,2.0,3.4,1.5,11.1,4.9,7.3,5.5,15.5,7.1
H013,Hospital Privado Universitario,Argentina,Córdoba,Córdoba Province,5.0,2024,1474,104,2.0,3.4,1.5,11.1,4.9,7.3,5.5,15.5,7.1
H013,Hospital Privado Universitario,Argentina,Córdoba,Córdoba Province,8.0,2024,1789,51,6.9,3.8,1.8,15.0,4.9,11.9,6.0,12.4,16.0
H014,Hospital Sírio-Libanês,Brazil,São Paulo,Southeast Brazil,1.0,2025,1741,121,1.07,1.51,0.56,7.19,3.32,3.11,2.47,8.03,4.16
H014,Hospital Sírio-Libanês,Brazil,São Paulo,Southeast Brazil,3.0,2024,1743,90,1.6,2.5,3.2,11.9,5.1,7.9,12.0,15.0,7.3
H014,Hospital Sírio-Libanês,Brazil,São Paulo,Southeast Brazil,8.0,2024,1458,139,6.9,2.7,0.7,9.5,4.6,4.9,3.7,20.7,6.3
H014,Hospital Sírio-Libanês,Brazil,São Paulo,Southeast Brazil,8.0,2024,2698,136,3.6,4.0,1.3,8.8,5.3,9.1,11.4,19.0,7.2
H014,Hospital Sírio-Libanês,Brazil,São Paulo,Southeast Brazil,8.0,2024,1809,118,1.04,1.69,0.75,6.89,3.68,3.45,2.86,9.02,4.49
H014,Hospital Sírio-Libanês,Brazil,São Paulo,Southeast Brazil,4.0,2024,1578,94,1.3,6.6,3.5,8.0,4.5,9.6,8.0,14.2,8.2
H014,Hospital Sírio-Libanês,Brazil,São Paulo,Southeast Brazil,4.0,2024,1623,125,1.07,1.96,0.63,7.34,3.33,3.43,2.52,10.22,4.59
H014,Hospital Sírio-Libanês,Brazil,São Paulo,Southeast Brazil,9.0,2024,1704,124,1.05,1.81,0.73,8.42,3.55,3.66,2.67,9.28,5.14
H014,Hospital Sírio-Libanês,Brazil,São Paulo,Southeast Brazil,2.0,2024,2671,87,1.0,3.2,3.4,13.6,8.9,8.7,4.3,15.2,8.5
H014,Hospital Sírio-Libanês,Brazil,São Paulo,Southeast Brazil,2.0,2024,1682,118,0.9,1.7,0.6,6.8,3.4,3.4,2.4,8.7,4.5
H014,Hospital Sírio-Libanês,Brazil,São Paulo,Southeast Brazil,4.0,2024,925,51,1.028796798162838,4.1,2.6,13.6,4.3,5.9,9.5,17.4,7.2
H014,Hospital Sírio-Libanês,Brazil,São Paulo,Southeast Brazil,10.0,2024,1460,116,1.0345008329183392,6.0,1.2,13.0,4.5,13.3,7.2,11.8,9.8
H014,Hospital Sírio-Libanês,Brazil,São Paulo,Southeast Brazil,1.0,2024,1723,121,1.0,1.8,0.7,7.1,3.5,3.6,2.6,9.1,4.7
H014,Hospital Sírio-Libanês,Brazil,São Paulo,Southeast Brazil,6.0,2024,756,117,1.0,2.1,0.9,11.8,4.4,17.1,7.1,20.5,8.1
H014,Hospital Sírio-Libanês,Brazil,São Paulo,Southeast Brazil,3.0,2024,1333,53,0.9,1.8,1.2,22.2,5.5,8.1,10.4,38.5,15.2
H014,Hospital Sírio-Libanês,Brazil,São Paulo,Southeast Brazil,6.0,2024,1135,160,1.0,3.7,1.3,12.6,4.3,16.5,3.6,12.3,7.0
H014,Hospital Sírio-Libanês,Brazil,São Paulo,Southeast Brazil,12.0,2024,1437,122,1.0,2.9,2.5,7.9,4.4,20.9,7.0,33.6,9.9
H014,Hospital Sírio-Libanês,Brazil,São Paulo,Southeast Brazil,4.0,2024,1059,129,1.0,8.1,1.0,11.3,4.6,18.5,5.2,30.2,11.1
H014,Hospital Sírio-Libanês,Brazil,São Paulo,Southeast Brazil,1.0,2024,869,112,1.0,2.5,3.2,9.1,5.2,8.1,6.3,29.0,6.5
H014,Hospital Sírio-Libanês,Brazil,São Paulo,Southeast Brazil,12.0,2024,1312,87,1.0,6.4,3.0,13.6,4.4,11.1,5.8,14.7,8.4
H014,Hospital Sírio-Libanês,Brazil,São Paulo,Southeast Brazil,6.0,2024,531,86,0.9,3.3,2.0,11.5,5.1,19.6,6.9,20.5,12.6
H014,Hospital Sírio-Libanês,Brazil,São Paulo,Southeast Brazil,3.0,2024,1298,104,1.1,3.0,1.1,12.6,6.9,14.0,3.1,12.4,7.7
H014,Hospital Sírio-Libanês,Brazil,São Paulo,Southeast Brazil,10.0,2024,1578,105,1.0,4.0,0.9,12.7,6.9,4.3,6.9,9.6,8.7
H014,Hospital Sírio-Libanês,Brazil,São Paulo,Southeast Brazil,1.0,2024,868,188,1.0,2.6,1.6,9.2,5.3,3.7,4.7,17.8,7.1
H014,Hospital Sírio-Libanês,Brazil,São Paulo,Southeast Brazil,8.0,2024,1735,125,1.01,1.91,0.62,8.93,3.6,3.64,2.74,9.02,4.96
H014,Hospital Sírio-Libanês,Brazil,São Paulo,Southeast Brazil,11.0,2024,1725,121,1.0,1.8,0.7,7.1,3.5,3.6,2.6,9.2,4.7
H014,Hospital Sírio-Libanês,Brazil,São Paulo,Southeast Brazil,2.0,2024,1734,123,0.93,1.89,0.71,6.9,3.37,3.7,2.63,9.27,4.52
H014,Hospital Sírio-Libanês,Brazil,São Paulo,Southeast Brazil,11.0,2025,1742,122,0.91,1.68,0.62,6.2,3.39,3.45,2.29,8.93,4.69
H014,Hospital Sírio-Libanês,Brazil,São Paulo,Southeast Brazil,6.0,2024,1703,120,1.0,1.8,0.7,7.0,3.5,3.5,2.5,9.0,4.6
H014,Hospital Sírio-Libanês,Brazil,São Paulo,Southeast Brazil,1.0,2024,1753,123,1.04,1.66,0.65,6.79,3.49,3.5,2.46,8.85,4.41
H014,Hospital Sírio-Libanês,Brazil,São Paulo,Southeast Brazil,9.0,2024,1604,105,0.9,3.9,1.6,14.7,5.7,8.5,12.7,15.3,6.1
H014,Hospital Sírio-Libanês,Brazil,São Paulo,Southeast Brazil,2.0,2024,1725,61,1.0,4.3,0.7,13.6,4.3,6.6,6.3,18.3,10.0
H014,Hospital Sírio-Libanês,Brazil,São Paulo,Southeast Brazil,3.0,2024,1867,87,0.9755746962670152,3.8,3.5,27.5,4.2,24.7,9.5,32.5,10.6
H014,Hospital Sírio-Libanês,Brazil,São Paulo,Southeast Brazil,9.0,2024,1467,62,1.0316459964090157,3.5,1.1,9.3,7.1,5.4,8.8,20.0,8.1
H014,Hospital Sírio-Libanês,Brazil,São Paulo,Southeast Brazil,11.0,2024,1268,124,1.019508565294323,4.2,2.9,12.9,4.4,7.3,4.4,13.5,4.9
H014,Hospital Sírio-Libanês,Brazil,São Paulo,Southeast Brazil,1.0,2025,1738,122,0.9,1.6,0.6,6.6,3.3,3.3,2.3,8.5,4.4
H014,Hospital Sírio-Libanês,Brazil,São Paulo,Southeast Brazil,5.0,2024,1745,123,1.0,1.9,0.7,7.3,3.6,3.7,2.7,9.4,4.8
H014,Hospital Sírio-Libanês,Brazil,São Paulo,Southeast Brazil,4.0,2024,1734,122,1.0,1.8,0.7,7.2,3.5,3.7,2.6,9.3,4.8
H014,Hospital Sírio-Libanês,Brazil,São Paulo,Southeast Brazil,8.0,2024,1731,122,1.0,1.8,0.7,7.2,3.5,3.6,2.6,9.2,4.7
H014,Hospital Sírio-Libanês,Brazil,São Paulo,Southeast Brazil,9.0,2024,1715,121,1.0,1.8,0.7,7.1,3.5,3.6,2.6,9.1,4.7
H014,Hospital Sírio-Libanês,Brazil,São Paulo,Southeast Brazil,12.0,2024,1762,125,1.1,1.9,0.8,7.5,3.6,3.9,2.8,9.6,5.0
H014,Hospital Sírio-Libanês,Brazil,São Paulo,Southeast Brazil,10.0,2024,1742,123,1.0,1.9,0.7,7.3,3.6,3.7,2.7,9.3,4.8
H014,Hospital Sírio-Libanês,Brazil,São Paulo,Southeast Brazil,6.0,2024,1703,120,1.0,1.8,0.7,7.0,3.5,3.5,2.5,9.0,4.6
H014,Hospital Sírio-Libanês,Brazil,São Paulo,Southeast Brazil,11.0,2024,1725,121,1.0,1.8,0.7,7.1,3.5,3.6,2.6,9.2,4.7
H014,Hospital Sírio-Libanês,Brazil,São Paulo,Southeast Brazil,1.0,2024,813,60,1.1,8.6,1.7,25.5,5.7,4.9,8.9,16.0,9.8
H014,Hospital Sírio-Libanês,Brazil,São Paulo,Southeast Brazil,11.0,2024,1306,110,1.0,3.8,3.1,12.5,6.0,14.5,3.7,15.8,6.5
H014,Hospital Sírio-Libanês,Brazil,São Paulo,Southeast Brazil,3.0,2024,1759,124,1.1,1.9,0.7,7.4,3.6,3.8,2.7,9.5,4.9
H014,Hospital Sírio-Libanês,Brazil,São Paulo,Southeast Brazil,1.0,2024,748,159,0.9388469289539308,3.4,2.9,13.3,5.3,13.8,5.9,25.2,10.2
H014,Hospital Sírio-Libanês,Brazil,São Paulo,Southeast Brazil,1.0,2025,1789,121,1.0475152965428762,7.0,1.9,7.9,7.8,9.4,10.2,17.1,10.0
H014,Hospital Sírio-Libanês,Brazil,São Paulo,Southeast Brazil,11.0,2024,868,65,1.1,4.8,1.2,23.5,6.3,9.5,9.9,18.6,10.9
H014,Hospital Sírio-Libanês,Brazil,São Paulo,Southeast Brazil,7.0,2024,1754,124,1.1,1.9,0.7,7.4,3.6,3.8,2.7,9.5,4.9
H015,Fundación Cardioinfantil,Colombia,Bogotá,Cundinamarca,12.0,2024,1650,117,1.7,3.0,1.3,10.2,4.7,6.5,4.9,14.1,6.7
H015,Fundación Cardioinfantil,Colombia,Bogotá,Cundinamarca,1.0,2025,1625,114,1.4,2.6,1.0,9.1,4.3,5.6,4.2,12.7,6.0
H015,Fundación Cardioinfantil,Colombia,Bogotá,Cundinamarca,6.0,2024,1593,112,1.5,2.7,1.1,9.5,4.4,5.9,4.5,13.2,6.3
H015,Fundación Cardioinfantil,Colombia,Bogotá,Cundinamarca,3.0,2024,423,86,5.1,3.3,1.7,21.8,6.0,7.8,8.7,14.9,5.1
H015,Fundación Cardioinfantil,Colombia,Bogotá,Cundinamarca,10.0,2024,1754,120,3.4,4.2,3.0,12.7,7.9,10.9,11.3,22.7,6.1
H015,Fundación Cardioinfantil,Colombia,Bogotá,Cundinamarca,10.0,2024,1326,194,4.0,8.7,1.8,9.5,7.0,10.5,16.2,12.2,4.9
H015,Fundación Cardioinfantil,Colombia,Bogotá,Cundinamarca,1.0,2025,1625,114,1.4,2.6,1.0,9.1,4.3,5.6,4.2,12.7,6.0
H015,Fundación Cardioinfantil,Colombia,Bogotá,Cundinamarca,11.0,2024,1614,113,1.6,2.8,1.2,9.7,4.5,6.1,4.6,13.5,6.4
H015,Fundación Cardioinfantil,Colombia,Bogotá,Cundinamarca,11.0,2024,1614,113,1.6,2.8,1.2,9.7,4.5,6.1,4.6,13.5,6.4
H015,Fundación Cardioinfantil,Colombia,Bogotá,Cundinamarca,8.0,2024,1619,114,1.6,2.8,1.2,9.8,4.5,6.2,4.7,13.6,6.4
H015,Fundación Cardioinfantil,Colombia,Bogotá,Cundinamarca,6.0,2024,1609,113,1.65,2.75,1.13,9.7,4.48,5.83,4.78,13.98,6.48
H015,Fundación Cardioinfantil,Colombia,Bogotá,Cundinamarca,9.0,2024,1604,113,1.6,2.8,1.1,9.6,4.5,6.0,4.6,13.4,6.3
H015,Fundación Cardioinfantil,Colombia,Bogotá,Cundinamarca,7.0,2024,1628,115,1.77,2.88,1.14,9.94,4.63,6.34,4.72,13.98,6.63
H015,Fundación Cardioinfantil,Colombia,Bogotá,Cundinamarca,3.0,2024,1606,115,1.57,2.73,1.12,9.91,4.56,6.23,4.59,13.56,6.57
H015,Fundación Cardioinfantil,Colombia,Bogotá,Cundinamarca,7.0,2024,1641,115,1.7,2.9,1.2,10.0,4.6,6.3,4.8,13.9,6.6
H015,Fundación Cardioinfantil,Colombia,Bogotá,Cundinamarca,6.0,2024,1593,112,1.5,2.7,1.1,9.5,4.4,5.9,4.5,13.2,6.3
H015,Fundación Cardioinfantil,Colombia,Bogotá,Cundinamarca,5.0,2024,1634,115,1.7,2.9,1.2,10.0,4.6,6.3,4.7,13.8,6.5
H015,Fundación Cardioinfantil,Colombia,Bogotá,Cundinamarca,5.0,2024,1634,115,1.7,2.9,1.2,10.0,4.6,6.3,4.7,13.8,6.5
H015,Fundación Cardioinfantil,Colombia,Bogotá,Cundinamarca,4.0,2024,1623,114,1.6,2.8,1.2,9.9,4.5,6.2,4.7,13.7,6.5
H015,Fundación Cardioinfantil,Colombia,Bogotá,Cundinamarca,12.0,2024,1823,125,6.8,4.4,2.8,9.4,8.3,24.2,13.1,14.2,9.6
H015,Fundación Cardioinfantil,Colombia,Bogotá,Cundinamarca,2.0,2024,1612,114,1.46,2.98,1.3,9.56,4.47,6.2,4.69,13.82,6.79
H015,Fundación Cardioinfantil,Colombia,Bogotá,Cundinamarca,5.0,2024,1582,112,1.68,2.71,1.11,9.75,4.59,5.86,3.99,13.2,6.64
H015,Fundación Cardioinfantil,Colombia,Bogotá,Cundinamarca,10.0,2024,1630,115,1.6,2.9,1.2,9.9,4.6,6.3,4.7,13.8,6.5
H015,Fundación Cardioinfantil,Colombia,Bogotá,Cundinamarca,3.0,2024,1647,116,1.7,2.9,1.2,10.1,4.6,6.4,4.8,14.0,6.6
H015,Fundación Cardioinfantil,Colombia,Bogotá,Cundinamarca,2.0,2024,1573,110,1.5,2.7,1.1,9.3,4.4,5.8,4.4,13.0,6.2
H015,Fundación Cardioinfantil,Colombia,Bogotá,Cundinamarca,1.0,2024,1008,90,1.6,5.3,1.1,9.7,4.2,10.4,3.5,14.2,9.3
H015,Fundación Cardioinfantil,Colombia,Bogotá,Cundinamarca,7.0,2024,1697,153,1.5,2.9,1.2,11.7,5.0,5.5,3.5,13.4,6.6
H015,Fundación Cardioinfantil,Colombia,Bogotá,Cundinamarca,4.0,2024,1623,114,1.6,2.8,1.2,9.9,4.5,6.2,4.7,13.7,6.5
H015,Fundación Cardioinfantil,Colombia,Bogotá,Cundinamarca,2.0,2024,1505,108,1.55,2.49,1.15,9.88,4.66,5.99,4.38,14.17,6.15
H015,Fundación Cardioinfantil,Colombia,Bogotá,Cundinamarca,1.0,2024,1612,113,1.6,2.8,1.2,9.7,4.5,6.1,4.6,13.5,6.4
H015,Fundación Cardioinfantil,Colombia,Bogotá,Cundinamarca,7.0,2024,1578,73,4.1,10.1,3.1,9.5,5.1,14.8,3.9,12.9,5.2
H015,Fundación Cardioinfantil,Colombia,Bogotá,Cundinamarca,9.0,2024,1935,46,1.5,3.4,1.0,10.3,4.4,14.9,8.8,18.7,8.2
H015,Fundación Cardioinfantil,Colombia,Bogotá,Cundinamarca,5.0,2024,441,123,2.5,6.2,2.2,9.5,10.8,7.2,2.6,11.7,10.8
H015,Fundación Cardioinfantil,Colombia,Bogotá,Cundinamarca,12.0,2024,1630,73,1.7,5.3,1.9,12.3,4.0,7.5,9.5,15.5,4.9
H015,Fundación Cardioinfantil,Colombia,Bogotá,Cundinamarca,1.0,2024,1630,187,1.5,5.2,3.1,8.6,4.0,13.8,9.9,13.4,13.4
H015,Fundación Cardioinfantil,Colombia,Bogotá,Cundinamarca,6.0,2024,1842,60,2.7,5.0,1.7,15.2,5.7,5.4,3.8,18.1,7.7
H015,Fundación Cardioinfantil,Colombia,Bogotá,Cundinamarca,5.0,2024,1123,28,5.3,8.4,1.5,13.7,7.7,9.2,15.9,17.5,9.2
H015,Fundación Cardioinfantil,Colombia,Bogotá,Cundinamarca,8.0,2024,2145,90,1.8,1.8,3.1,12.6,9.6,5.0,6.9,13.1,6.9
H015,Fundación Cardioinfantil,Colombia,Bogotá,Cundinamarca,7.0,2024,1949,61,1.9,6.7,0.8,9.2,5.1,15.6,6.5,19.7,8.0
H015,Fundación Cardioinfantil,Colombia,Bogotá,Cundinamarca,7.0,2024,621,87,3.5,2.5,4.8,13.8,6.6,7.3,5.6,18.6,9.2
H015,Fundación Cardioinfantil,Colombia,Bogotá,Cundinamarca,12.0,2024,1545,109,2.5,3.2,1.6,23.4,5.6,5.1,6.8,18.7,9.7
H015,Fundación Cardioinfantil,Colombia,Bogotá,Cundinamarca,12.0,2024,1754,147,1.2,8.5,2.9,12.7,5.3,13.2,6.1,14.7,8.7
H015,Fundación Cardioinfantil,Colombia,Bogotá,Cundinamarca,1.0,2024,623,108,2.8,2.4,1.6,15.5,4.6,13.8,8.7,20.1,6.9
H015,Fundación Cardioinfantil,Colombia,Bogotá,Cundinamarca,3.0,2024,1801,27,1.8,3.9,1.1,11.0,5.3,9.3,7.2,19.2,6.2
H015,Fundación Cardioinfantil,Colombia,Bogotá,Cundinamarca,10.0,2024,1733,117,1.59,3.16,1.16,9.06,4.54,6.82,4.77,12.93,5.86
H015,Fundación Cardioinfantil,Colombia,Bogotá,Cundinamarca,1.0,2024,1645,114,1.5,2.67,1.27,9.06,4.2,5.9,4.58,12.38,6.84
H015,Fundación Cardioinfantil,Colombia,Bogotá,Cundinamarca,3.0,2024,1509,118,1.76,3.15,1.15,9.62,4.31,6.41,4.34,15.1,6.73
H015,Fundación Cardioinfantil,Colombia,Bogotá,Cundinamarca,11.0,2024,748,73,3.6,3.2,5.8,21.7,5.1,19.2,6.8,18.7,7.9
H015,Fundación Cardioinfantil,Colombia,Bogotá,Cundinamarca,12.0,2024,426,192,2.1,2.6,0.9,10.7,6.7,17.2,5.6,27.6,6.5
H015,Fundación Cardioinfantil,Colombia,Bogotá,Cundinamarca,6.0,2024,1688,90,2.1,7.3,1.2,25.5,4.8,6.0,12.9,13.4,5.7
H015,Fundación Cardioinfantil,Colombia,Bogotá,Cundinamarca,2.0,2024,1474,72,1.8,2.3,1.1,15.7,6.7,3.6,6.8,17.1,4.8
H016,Hospital CIMA,Costa Rica,San José,San José Province,3.0,2024,1317,93,1.5,2.5,1.0,9.2,4.2,5.4,4.1,12.5,6.0
H016,Hospital CIMA,Costa Rica,San José,San José Province,3.0,2024,1317,93,1.5,2.5,1.0,9.2,4.2,5.4,4.1,12.5,6.0
H016,Hospital CIMA,Costa Rica,San José,San José Province,6.0,2024,1438,60,1.82,5.4,1.3,9.84,4.6,14.5,7.1,13.0,7.0
H016,Hospital CIMA,Costa Rica,San José,San José Province,3.0,2024,1912,45,1.4,2.7,3.6,19.1,5.3,5.8,6.1,15.4,6.4
H016,Hospital CIMA,Costa Rica,San José,San José Province,10.0,2024,2158,56,1.72,2.6,0.7,9.85,5.1,9.1,7.0,18.0,8.4
H016,Hospital CIMA,Costa Rica,San José,San José Province,9.0,2024,1879,68,1.79,4.6,1.8,9.91,5.7,8.5,6.7,13.1,10.0
H016,Hospital CIMA,Costa Rica,San José,San José Province,8.0,2024,702,113,1.455274950983641,5.6,1.7,22.0,4.9,12.6,6.9,15.3,5.6
H016,Hospital CIMA,Costa Rica,San José,San José Province,12.0,2024,1273,79,1.21673629087613,6.0,3.5,9.3,4.4,9.3,14.1,14.0,13.1
H016,Hospital CIMA,Costa Rica,San José,San José Province,2.0,2024,1845,118,1.77,7.1,0.8,9.55,6.7,6.1,7.3,16.3,7.5
H016,Hospital CIMA,Costa Rica,San José,San José Province,4.0,2024,608,123,1.83,1.9,2.2,9.74,4.5,3.8,5.2,19.8,8.2
H016,Hospital CIMA,Costa Rica,San José,San José Province,8.0,2024,645,45,1.4640375949393287,4.4,2.3,13.1,4.5,5.4,3.5,13.6,7.1
H016,Hospital CIMA,Costa Rica,San José,San José Province,7.0,2024,1623,46,1.8,5.4,1.3,9.84,5.6,9.5,4.1,18.2,6.2
H016,Hospital CIMA,Costa Rica,San José,San José Province,8.0,2024,879,127,1.37254421801181,3.5,4.7,8.8,4.2,4.8,6.4,12.3,6.1
H016,Hospital CIMA,Costa Rica,San José,San José Province,3.0,2024,2750,51,1.47364883355832,4.6,5.4,7.8,4.3,7.5,3.6,26.5,6.6
H016,Hospital CIMA,Costa Rica,San José,San José Province,4.0,2024,1140,105,1.84,2.9,1.6,9.65,4.5,12.4,7.0,13.4,7.0
H016,Hospital CIMA,Costa Rica,San José,San José Province,11.0,2024,1102,79,1.71,2.4,1.7,9.97,5.5,7.2,2.9,12.1,8.1
H016,Hospital CIMA,Costa Rica,San José,San José Province,9.0,2024,557,71,1.81,2.8,1.1,9.62,4.3,17.6,7.1,16.7,8.3
H016,Hospital CIMA,Costa Rica,San José,San José Province,5.0,2024,545,60,1.81,6.7,0.9,9.76,6.0,17.2,2.7,20.3,6.3
H016,Hospital CIMA,Costa Rica,San José,San José Province,3.0,2024,1752,123,1.68,8.9,1.4,9.75,4.6,13.8,8.7,20.3,6.7
H016,Hospital CIMA,Costa Rica,San José,San José Province,7.0,2025,1438,191,1.4,2.6,3.6,18.7,6.0,17.6,4.8,18.3,5.6
H016,Hospital CIMA,Costa Rica,San José,San José Province,2.0,2024,1007,45,1.4,8.5,1.9,9.3,6.6,6.7,4.2,8.5,12.9
H016,Hospital CIMA,Costa Rica,San José,San José Province,11.0,2024,1159,28,1.76,4.5,1.1,9.73,4.1,18.5,8.0,19.6,6.4
H016,Hospital CIMA,Costa Rica,San José,San José Province,6.0,2024,768,104,1.4,6.3,1.1,24.9,4.3,5.2,4.3,34.2,8.0
H016,Hospital CIMA,Costa Rica,San José,San José Province,4.0,2024,1296,91,1.4,2.4,1.0,9.0,4.1,5.3,3.9,12.3,5.9
H016,Hospital CIMA,Costa Rica,San José,San José Province,5.0,2024,1306,92,1.4,2.5,1.0,9.1,4.2,5.3,4.0,12.4,5.9
H016,Hospital CIMA,Costa Rica,San José,San José Province,6.0,2024,1273,89,1.3,2.3,0.9,8.7,4.1,5.1,3.8,11.9,5.7
H016,Hospital CIMA,Costa Rica,San José,San José Province,7.0,2024,1312,92,1.5,2.5,1.0,9.2,4.2,5.4,4.1,12.5,6.0
H016,Hospital CIMA,Costa Rica,San José,San José Province,8.0,2024,1292,91,1.4,2.4,1.0,9.0,4.1,5.2,3.9,12.2,5.8
H016,Hospital CIMA,Costa Rica,San José,San José Province,9.0,2024,1280,90,1.4,2.4,1.0,8.8,4.1,5.1,3.8,12.0,5.7
H016,Hospital CIMA,Costa Rica,San José,San José Province,3.0,2024,1284,91,1.38,2.51,0.91,9.55,4.0,5.28,3.73,12.37,5.89
H016,Hospital CIMA,Costa Rica,San José,San José Province,11.0,2024,1315,93,1.35,2.29,0.98,7.1,4.0,5.52,4.07,12.08,5.7
H016,Hospital CIMA,Costa Rica,San José,San José Province,1.0,2024,1289,90,1.4,2.4,1.0,8.9,4.1,5.2,3.9,12.1,5.8
H016,Hospital CIMA,Costa Rica,San José,San José Province,11.0,2024,1290,90,1.4,2.4,1.0,8.9,4.1,5.2,3.9,12.1,5.8
H016,Hospital CIMA,Costa Rica,San José,San José Province,1.0,2025,1298,91,1.2,2.2,0.9,8.3,3.9,4.8,3.5,11.4,5.5
H016,Hospital CIMA,Costa Rica,San José,San José Province,8.0,2024,1403,98,1.37,2.37,1.09,8.76,4.28,5.15,4.2,11.38,5.7
H016,Hospital CIMA,Costa Rica,San José,San José Province,9.0,2024,1361,96,1.27,2.59,1.03,8.05,4.39,5.15,3.73,12.86,5.54
H016,Hospital CIMA,Costa Rica,San José,San José Province,9.0,2024,1574,93,1.81,3.4,5.8,9.83,4.5,8.4,10.0,16.5,6.7
H016,Hospital CIMA,Costa Rica,San José,San José Province,6.0,2024,1254,122,1.76,3.0,1.9,9.75,6.4,17.2,9.6,29.2,8.1
H016,Hospital CIMA,Costa Rica,San José,San José Province,1.0,2024,770,48,1.3,3.6,3.2,16.6,6.1,14.4,11.2,29.6,8.2
H016,Hospital CIMA,Costa Rica,San José,San José Province,8.0,2024,1214,60,1.84,8.3,1.6,9.54,4.5,12.1,14.1,24.1,6.6
H016,Hospital CIMA,Costa Rica,San José,San José Province,3.0,2024,1634,50,1.5,4.6,1.0,10.3,6.1,3.6,9.5,27.0,7.0
H016,Hospital CIMA,Costa Rica,San José,San José Province,12.0,2024,1320,93,1.5,2.6,1.1,9.3,4.3,5.5,4.2,12.6,6.1
H016,Hospital CIMA,Costa Rica,San José,San José Province,2.0,2024,1257,88,1.3,2.3,0.9,8.6,4.0,5.0,3.7,11.7,5.6
H016,Hospital CIMA,Costa Rica,San José,San José Province,10.0,2024,1303,91,1.4,2.5,1.0,9.1,4.2,5.3,4.0,12.3,5.9
H016,Hospital CIMA,Costa Rica,San José,San José Province,5.0,2024,764,72,1.85,6.1,0.7,9.61,4.3,7.8,7.1,26.7,4.8
H016,Hospital CIMA,Costa Rica,San José,San José Province,7.0,2024,1623,136,1.4,4.5,0.9,11.8,4.4,6.1,3.6,32.5,8.3
H016,Hospital CIMA,Costa Rica,San José,San José Province,11.0,2024,1835,108,1.4,4.8,2.8,8.8,6.9,6.9,9.6,29.1,9.3
H016,Hospital CIMA,Costa Rica,San José,San José Province,9.0,2024,1725,117,1.4,6.0,1.0,14.7,4.5,11.9,14.0,31.9,5.8
H016,Hospital CIMA,Costa Rica,San José,San José Province,7.0,2024,1312,92,1.5,2.5,1.0,9.2,4.2,5.4,4.1,12.5,6.0
H016,Hospital CIMA,Costa Rica,San José,San José Province,6.0,2024,1283,89,1.43,2.41,1.05,8.12,4.17,5.32,3.99,12.37,6.05
H016,Hospital CIMA,Costa Rica,San José,San José Province,9.0,2024,1280,90,1.4,2.4,1.0,8.8,4.1,5.1,3.8,12.0,5.7
H016,Hospital CIMA,Costa Rica,San José,San José Province,7.0,2024,1312,92,1.5,2.5,1.0,9.2,4.2,5.4,4.1,12.5,6.0
H016,Hospital CIMA,Costa Rica,San José,San José Province,9.0,2024,1298,91,1.43,2.37,0.96,8.02,3.94,5.4,3.82,12.2,5.89
H016,Hospital CIMA,Costa Rica,San José,San José Province,1.0,2024,551,29,1.4,4.2,1.7,12.3,9.2,14.7,5.2,9.1,10.0
H016,Hospital CIMA,Costa Rica,San José,San José Province,9.0,2024,1458,129,1.4,6.2,0.6,10.7,4.4,5.2,13.0,16.5,9.4
H016,Hospital CIMA,Costa Rica,San José,San José Province,2.0,2024,1717,149,1.5,2.7,1.5,9.6,4.0,19.0,4.7,11.8,6.0
H016,Hospital CIMA,Costa Rica,San José,San José Province,12.0,2025,413,88,1.5,3.2,2.9,27.0,6.9,13.8,4.2,27.1,12.1
H016,Hospital CIMA,Costa Rica,San José,San José Province,1.0,2024,1349,80,1.48,2.33,0.91,9.1,4.19,5.49,3.94,12.61,5.74
H016,Hospital CIMA,Costa Rica,San José,San José Province,3.0,2024,1317,93,1.5,2.5,1.0,9.2,4.2,5.4,4.1,12.5,6.0
H016,Hospital CIMA,Costa Rica,San José,San José Province,3.0,2024,645,129,1.4,3.3,2.1,10.7,4.7,11.7,14.1,13.8,7.8
H016,Hospital CIMA,Costa Rica,San José,San José Province,1.0,2024,1767,62,1.5,4.2,1.1,8.8,6.9,12.7,12.7,17.4,5.1
H016,Hospital CIMA,Costa Rica,San José,San José Province,8.0,2025,1268,89,1.1,2.27,1.01,7.92,4.15,4.81,3.84,11.08,5.87
H016,Hospital CIMA,Costa Rica,San José,San José Province,7.0,2024,1482,61,1.4,4.1,1.0,26.8,5.0,7.7,5.3,13.9,7.4
H016,Hospital CIMA,Costa Rica,San José,San José Province,1.0,2025,1298,91,1.2,2.2,0.9,8.3,3.9,4.8,3.5,11.4,5.5
H016,Hospital CIMA,Costa Rica,San José,San José Province,2.0,2024,1285,93,1.46,2.36,1.09,7.4,3.9,5.3,3.81,11.8,5.94
H016,Hospital CIMA,Costa Rica,San José,San José Province,1.0,2024,1289,90,1.4,2.4,1.0,8.9,4.1,5.2,3.9,12.1,5.8
H017,Hospital Clínica Bíblica,Costa Rica,San José,San José Province,3.0,2024,1026,104,2.6,8.6,4.5,14.1,6.7,17.2,8.7,16.9,7.3
H017,Hospital Clínica Bíblica,Costa Rica,San José,San José Province,5.0,2024,1139,67,1.7,2.58,1.03,9.41,4.05,5.21,4.45,11.96,6.35
H017,Hospital Clínica Bíblica,Costa Rica,San José,San José Province,10.0,2024,1884,103,2.2,2.6,1.4,13.7,8.6,7.1,6.6,18.5,15.0
H017,Hospital Clínica Bíblica,Costa Rica,San José,San José Province,11.0,2024,2156,42,2.2,1.8,2.2,9.4,6.6,8.6,9.0,12.2,8.1
H017,Hospital Clínica Bíblica,Costa Rica,San José,San José Province,9.0,2024,1556,82,2.7,2.6,1.0,12.5,4.7,8.4,5.8,12.9,7.8
H017,Hospital Clínica Bíblica,Costa Rica,San José,San José Province,12.0,2024,1585,137,1.5,11.0,1.6,20.3,5.6,8.8,13.8,11.4,6.2
H017,Hospital Clínica Bíblica,Costa Rica,San José,San José Province,12.0,2024,860,75,1.4,3.2,5.2,14.3,5.1,10.2,10.1,20.6,6.7
H017,Hospital Clínica Bíblica,Costa Rica,San José,San José Province,10.0,2024,1073,73,1.55,2.81,1.02,9.43,4.29,5.58,4.19,12.55,6.16
H017,Hospital Clínica Bíblica,Costa Rica,San José,San José Province,5.0,2024,2694,125,2.4,5.9,0.7,8.8,4.3,13.6,6.7,18.7,8.2
H017,Hospital Clínica Bíblica,Costa Rica,San José,San José Province,11.0,2024,904,114,4.3,4.7,1.5,12.9,5.4,14.2,6.8,14.4,5.0
H017,Hospital Clínica Bíblica,Costa Rica,San José,San José Province,11.0,2024,982,69,1.57,2.34,1.17,10.22,4.13,5.93,4.49,12.74,5.89
H017,Hospital Clínica Bíblica,Costa Rica,San José,San José Province,10.0,2024,1024,154,2.5,2.7,1.9,9.7,5.2,9.1,4.4,13.9,7.9
H017,Hospital Clínica Bíblica,Costa Rica,San José,San José Province,3.0,2024,1056,74,1.6,2.7,1.1,9.7,4.4,5.8,4.4,13.3,6.3
H017,Hospital Clínica Bíblica,Costa Rica,San José,San José Province,1.0,2024,1275,92,3.6,5.7,1.9,14.0,4.8,6.3,3.9,9.2,7.7
H017,Hospital Clínica Bíblica,Costa Rica,San José,San José Province,10.0,2024,1045,73,1.5,2.7,1.1,9.6,4.4,5.7,4.3,13.1,6.2
H017,Hospital Clínica Bíblica,Costa Rica,San José,San José Province,1.0,2024,1438,56,2.8,4.3,0.7,17.2,7.1,12.3,6.5,13.2,5.8
H017,Hospital Clínica Bíblica,Costa Rica,San José,San José Province,10.0,2024,1813,46,1.3,4.7,1.0,12.6,6.4,9.0,10.4,15.8,11.6
H017,Hospital Clínica Bíblica,Costa Rica,San José,San José Province,5.0,2024,1151,92,2.4,4.6,2.0,13.8,3.9,8.0,9.7,17.3,8.2
H017,Hospital Clínica Bíblica,Costa Rica,San José,San José Province,12.0,2024,1257,41,2.2,4.4,2.0,9.5,9.5,5.6,7.4,17.7,7.0
H017,Hospital Clínica Bíblica,Costa Rica,San José,San José Province,10.0,2024,1743,104,1.9,2.3,1.4,10.7,5.7,8.5,4.0,15.5,8.2
H017,Hospital Clínica Bíblica,Costa Rica,San José,San José Province,7.0,2024,912,126,3.6,2.8,4.6,10.9,5.2,6.1,3.5,17.5,8.2
H017,Hospital Clínica Bíblica,Costa Rica,San José,San José Province,10.0,2024,1045,73,1.5,2.7,1.1,9.6,4.4,5.7,4.3,13.1,6.2
H017,Hospital Clínica Bíblica,Costa Rica,San José,San José Province,9.0,2024,1057,73,1.43,2.61,1.1,9.2,4.17,5.54,4.11,12.84,5.85
H017,Hospital Clínica Bíblica,Costa Rica,San José,San José Province,6.0,2024,1020,71,1.4,2.5,1.0,9.2,4.2,5.4,4.1,12.5,6.0
H017,Hospital Clínica Bíblica,Costa Rica,San José,San José Province,8.0,2025,1867,132,7.1,6.0,1.6,13.1,7.8,18.9,7.0,13.0,8.4
H017,Hospital Clínica Bíblica,Costa Rica,San José,San José Province,8.0,2024,1040,74,1.49,2.76,1.1,10.05,4.28,5.64,4.06,12.63,6.23
H017,Hospital Clínica Bíblica,Costa Rica,San José,San José Province,12.0,2024,1059,75,1.6,2.8,1.2,9.8,4.5,5.9,4.5,13.4,6.4
H017,Hospital Clínica Bíblica,Costa Rica,San José,San José Province,8.0,2024,1037,72,1.5,2.6,1.1,9.5,4.3,5.6,4.2,12.9,6.1
H017,Hospital Clínica Bíblica,Costa Rica,San José,San José Province,1.0,2024,1047,72,1.36,2.57,0.93,8.97,4.4,5.76,4.29,12.45,6.12
H017,Hospital Clínica Bíblica,Costa Rica,San José,San José Province,9.0,2024,1083,66,1.51,2.34,0.93,9.79,4.46,5.63,3.89,12.36,6.39
H017,Hospital Clínica Bíblica,Costa Rica,San José,San José Province,12.0,2024,1026,66,1.73,3.06,1.31,10.39,4.65,5.77,4.87,13.73,6.07
H017,Hospital Clínica Bíblica,Costa Rica,San José,San José Province,6.0,2024,1023,72,1.55,2.76,1.13,9.44,4.25,5.74,4.29,13.21,6.23
H017,Hospital Clínica Bíblica,Costa Rica,San José,San José Province,1.0,2024,1034,72,1.5,2.6,1.1,9.4,4.3,5.6,4.2,12.8,6.1
H017,Hospital Clínica Bíblica,Costa Rica,San José,San José Province,2.0,2024,1008,70,1.4,2.5,1.0,9.0,4.2,5.3,4.0,12.3,5.9
H017,Hospital Clínica Bíblica,Costa Rica,San José,San José Province,3.0,2024,1056,74,1.6,2.7,1.1,9.7,4.4,5.8,4.4,13.3,6.3
H017,Hospital Clínica Bíblica,Costa Rica,San José,San José Province,4.0,2024,1040,73,1.5,2.6,1.1,9.5,4.3,5.7,4.3,13.0,6.2
H017,Hospital Clínica Bíblica,Costa Rica,San José,San José Province,5.0,2024,1048,73,1.6,2.7,1.1,9.6,4.4,5.7,4.3,13.1,6.2
H017,Hospital Clínica Bíblica,Costa Rica,San José,San José Province,6.0,2024,1020,71,1.4,2.5,1.0,9.2,4.2,5.4,4.1,12.5,6.0
H017,Hospital Clínica Bíblica,Costa Rica,San José,San José Province,7.0,2024,1052,73,1.6,2.7,1.1,9.7,4.4,5.8,4.3,13.2,6.3
H017,Hospital Clínica Bíblica,Costa Rica,San José,San José Province,8.0,2024,1037,72,1.5,2.6,1.1,9.5,4.3,5.6,4.2,12.9,6.1
H017,Hospital Clínica Bíblica,Costa Rica,San José,San José Province,7.0,2025,614,78,1.385430748913492,4.5,2.4,10.84556541607486,5.6,4.84,4.3,12.9,7.8
H017,Hospital Clínica Bíblica,Costa Rica,San José,San José Province,9.0,2024,1026,72,1.5,2.6,1.0,9.3,4.3,5.5,4.2,12.6,6.0
H017,Hospital Clínica Bíblica,Costa Rica,San José,San José Province,10.0,2024,1045,73,1.5,2.7,1.1,9.6,4.4,5.7,4.3,13.1,6.2
H017,Hospital Clínica Bíblica,Costa Rica,San José,San José Province,8.0,2024,1015,73,1.51,2.82,1.01,9.82,4.63,6.02,4.23,11.74,5.92
H017,Hospital Clínica Bíblica,Costa Rica,San José,San José Province,12.0,2024,1059,75,1.6,2.8,1.2,9.8,4.5,5.9,4.5,13.4,6.4
H017,Hospital Clínica Bíblica,Costa Rica,San José,San José Province,1.0,2025,1042,73,1.4,2.4,1.0,8.8,4.1,5.2,3.9,12.0,5.8
H017,Hospital Clínica Bíblica,Costa Rica,San José,San José Province,11.0,2024,1035,72,1.5,2.6,1.1,9.4,4.3,5.6,4.2,12.8,6.1
H017,Hospital Clínica Bíblica,Costa Rica,San José,San José Province,3.0,2024,1071,76,1.64,2.79,1.13,9.9,4.58,5.42,4.02,13.16,5.76
H018,Hospital San Juan de Dios,Bolivia,La Paz,La Paz Department,1.0,2024,1967,28,2.2,2.4,3.9,27.5,4.9,5.5,15.2,9.5,5.7
H018,Hospital San Juan de Dios,Bolivia,La Paz,La Paz Department,5.0,2024,868,88,1.8,3.2,2.1,13.4,6.5,7.5,4.5,12.5,8.2
H018,Hospital San Juan de Dios,Bolivia,La Paz,La Paz Department,1.0,2024,751,61,4.7,2.9,3.1,18.6,7.2,18.9,10.3,20.0,6.4
H018,Hospital San Juan de Dios,Bolivia,La Paz,La Paz Department,10.0,2024,2196,72,1.4,5.4,1.6,16.9,5.7,8.7,5.8,24.7,7.2
H018,Hospital San Juan de Dios,Bolivia,La Paz,La Paz Department,12.0,2024,2187,109,1.6,8.4,1.1,12.4,4.9,6.3,4.2,16.0,5.8
H018,Hospital San Juan de Dios,Bolivia,La Paz,La Paz Department,1.0,2024,1803,91,1.0,3.5,1.7,10.6,5.8,5.1,7.1,24.5,7.1
H018,Hospital San Juan de Dios,Bolivia,La Paz,La Paz Department,5.0,2024,807,56,4.2,6.8,3.5,18.7,7.6,15.6,10.4,27.1,10.9
H018,Hospital San Juan de Dios,Bolivia,La Paz,La Paz Department,10.0,2024,872,104,3.6,2.3,2.1,10.2,4.5,5.3,4.3,13.5,7.6
H018,Hospital San Juan de Dios,Bolivia,La Paz,La Paz Department,3.0,2024,619,79,4.5,3.5,3.1,10.8,8.7,6.5,7.6,24.6,5.2
H018,Hospital San Juan de Dios,Bolivia,La Paz,La Paz Department,11.0,2024,1527,117,1.4,3.5,4.7,12.3,4.7,5.8,5.8,20.2,6.7
H018,Hospital San Juan de Dios,Bolivia,La Paz,La Paz Department,12.0,2024,2694,28,3.1,8.9,1.8,12.7,4.8,10.5,3.2,38.5,5.7
H018,Hospital San Juan de Dios,Bolivia,La Paz,La Paz Department,4.0,2024,791,55,3.88,6.9,3.33,17.62,7.38,16.0,10.42,26.41,10.54
H018,Hospital San Juan de Dios,Bolivia,La Paz,La Paz Department,7.0,2024,1262,28,3.5,2.4,1.8,13.4,4.8,7.7,4.5,15.6,8.4
H018,Hospital San Juan de Dios,Bolivia,La Paz,La Paz Department,10.0,2024,804,55,4.2,6.8,3.5,18.7,7.6,15.6,10.3,27.1,10.8
H018,Hospital San Juan de Dios,Bolivia,La Paz,La Paz Department,6.0,2024,774,54,4.19,6.8,3.44,18.11,7.32,15.27,10.53,27.03,10.54
H018,Hospital San Juan de Dios,Bolivia,La Paz,La Paz Department,5.0,2024,807,56,4.2,6.8,3.5,18.7,7.6,15.6,10.4,27.1,10.9
H018,Hospital San Juan de Dios,Bolivia,La Paz,La Paz Department,6.0,2024,773,53,4.0,6.5,3.3,18.0,7.3,14.9,9.9,26.1,10.4
H018,Hospital San Juan de Dios,Bolivia,La Paz,La Paz Department,2.0,2024,763,53,3.83,7.11,3.39,19.26,7.09,15.01,10.41,26.78,10.82
H018,Hospital San Juan de Dios,Bolivia,La Paz,La Paz Department,1.0,2024,817,57,4.19,6.71,3.42,18.69,7.24,15.16,9.62,26.93,10.86
H018,Hospital San Juan de Dios,Bolivia,La Paz,La Paz Department,9.0,2024,1461,103,2.8,7.0,1.8,9.0,11.1,20.8,7.1,15.7,5.2
H018,Hospital San Juan de Dios,Bolivia,La Paz,La Paz Department,3.0,2024,753,51,4.51,7.45,3.82,19.25,8.31,15.26,10.71,29.86,10.42
H018,Hospital San Juan de Dios,Bolivia,La Paz,La Paz Department,9.0,2024,1912,103,2.3,2.8,1.1,16.9,5.6,18.9,16.6,9.2,10.1
H018,Hospital San Juan de Dios,Bolivia,La Paz,La Paz Department,7.0,2024,813,56,4.3,6.9,3.5,18.8,7.7,15.7,10.4,27.3,10.9
H018,Hospital San Juan de Dios,Bolivia,La Paz,La Paz Department,3.0,2024,1745,28,2.8,5.3,3.3,13.5,4.5,7.1,3.9,16.2,8.5
H018,Hospital San Juan de Dios,Bolivia,La Paz,La Paz Department,1.0,2024,728,50,2.5,2.5,1.8,8.6,4.3,24.2,4.4,14.4,7.8
H018,Hospital San Juan de Dios,Bolivia,La Paz,La Paz Department,6.0,2024,773,53,4.0,6.5,3.3,18.0,7.3,14.9,9.9,26.1,10.4
H018,Hospital San Juan de Dios,Bolivia,La Paz,La Paz Department,5.0,2024,756,55,3.91,6.77,3.45,18.34,7.67,14.69,10.51,26.16,10.16
H018,Hospital San Juan de Dios,Bolivia,La Paz,La Paz Department,5.0,2024,807,56,4.2,6.8,3.5,18.7,7.6,15.6,10.4,27.1,10.9
H018,Hospital San Juan de Dios,Bolivia,La Paz,La Paz Department,12.0,2025,1830,102,1.7,1.8,1.9,16.2,5.7,5.4,5.0,22.5,15.8
H018,Hospital San Juan de Dios,Bolivia,La Paz,La Paz Department,8.0,2024,1470,52,2.3,6.2,1.0,16.7,5.3,7.7,13.5,20.1,9.7
H018,Hospital San Juan de Dios,Bolivia,La Paz,La Paz Department,3.0,2024,817,56,4.3,6.9,3.5,18.9,7.7,15.8,10.5,27.4,11.0
H018,Hospital San Juan de Dios,Bolivia,La Paz,La Paz Department,1.0,2024,1789,73,1.5,5.7,4.3,10.9,5.5,5.7,3.7,15.1,6.6
H018,Hospital San Juan de Dios,Bolivia,La Paz,La Paz Department,1.0,2025,802,55,3.8,6.3,3.1,17.3,7.0,14.3,9.5,25.2,10.0
H018,Hospital San Juan de Dios,Bolivia,La Paz,La Paz Department,12.0,2024,820,57,4.4,7.0,3.6,19.0,7.8,15.9,10.6,27.5,11.1
H018,Hospital San Juan de Dios,Bolivia,La Paz,La Paz Department,11.0,2024,791,54,4.1,6.7,3.4,18.4,7.5,15.2,10.1,26.6,10.6
H018,Hospital San Juan de Dios,Bolivia,La Paz,La Paz Department,2.0,2024,756,51,3.8,6.4,3.2,17.7,7.1,14.6,9.7,25.6,10.2
H018,Hospital San Juan de Dios,Bolivia,La Paz,La Paz Department,4.0,2024,800,55,4.2,6.8,3.5,18.6,7.6,15.5,10.3,27.0,10.8
H018,Hospital San Juan de Dios,Bolivia,La Paz,La Paz Department,9.0,2024,784,54,4.0,6.6,3.3,18.2,7.4,15.1,10.0,26.4,10.5
H018,Hospital San Juan de Dios,Bolivia,La Paz,La Paz Department,3.0,2024,768,104,1.9,2.6,1.7,13.5,7.9,14.4,3.2,26.6,10.9
H018,Hospital San Juan de Dios,Bolivia,La Paz,La Paz Department,7.0,2024,702,78,1.3,3.4,1.0,23.4,5.5,10.0,12.8,10.0,6.8
H018,Hospital San Juan de Dios,Bolivia,La Paz,La Paz Department,8.0,2024,796,55,4.1,6.7,3.4,18.4,7.5,15.3,10.2,26.7,10.7
H018,Hospital San Juan de Dios,Bolivia,La Paz,La Paz Department,7.0,2024,813,56,4.3,6.9,3.5,18.8,7.7,15.7,10.4,27.3,10.9
H018,Hospital San Juan de Dios,Bolivia,La Paz,La Paz Department,6.0,2024,773,53,4.0,6.5,3.3,18.0,7.3,14.9,9.9,26.1,10.4
H018,Hospital San Juan de Dios,Bolivia,La Paz,La Paz Department,10.0,2024,804,55,4.2,6.8,3.5,18.7,7.6,15.6,10.3,27.1,10.8
H018,Hospital San Juan de Dios,Bolivia,La Paz,La Paz Department,1.0,2024,789,54,4.1,6.7,3.4,18.3,7.4,15.2,10.1,26.5,10.6
H018,Hospital San Juan de Dios,Bolivia,La Paz,La Paz Department,5.0,2024,2738,129,2.1,2.9,4.4,9.4,5.2,24.1,4.7,24.7,7.5
H018,Hospital San Juan de Dios,Bolivia,La Paz,La Paz Department,1.0,2025,780,53,4.06,6.36,3.12,17.78,7.09,14.0,9.58,24.75,9.96
H018,Hospital San Juan de Dios,Bolivia,La Paz,La Paz Department,1.0,2025,543,153,1.6,6.1,1.9,8.1,4.2,5.0,2.8,16.1,7.7
H018,Hospital San Juan de Dios,Bolivia,La Paz,La Paz Department,4.0,2024,1140,52,2.6,6.8,1.4,14.2,5.7,4.5,7.1,22.1,6.2
H018,Hospital San Juan de Dios,Bolivia,La Paz,La Paz Department,1.0,2024,1657,108,5.8,4.9,1.9,14.2,5.7,5.3,11.4,29.4,9.8
H018,Hospital San Juan de Dios,Bolivia,La Paz,La Paz Department,1.0,2025,802,55,3.8,6.3,3.1,17.3,7.0,14.3,9.5,25.2,10.0
H018,Hospital San Juan de Dios,Bolivia,La Paz,La Paz Department,5.0,2024,791,60,3.91,7.06,3.76,19.9,7.71,15.42,10.16,26.28,10.68
H018,Hospital San Juan de Dios,Bolivia,La Paz,La Paz Department,11.0,2024,826,60,3.87,7.06,3.11,20.0,7.03,14.6,9.97,26.2,11.45
H018,Hospital San Juan de Dios,Bolivia,La Paz,La Paz Department,6.0,2024,788,50,4.01,6.87,3.06,18.44,7.91,14.41,9.83,27.01,11.44
H018,Hospital San Juan de Dios,Bolivia,La Paz,La Paz Department,6.0,2024,1562,61,1.2,6.1,2.1,9.3,5.7,13.0,5.4,13.9,8.1
H018,Hospital San Juan de Dios,Bolivia,La Paz,La Paz Department,6.0,2024,1420,118,3.7,4.9,2.1,22.4,4.3,5.0,8.9,25.2,6.6
H018,Hospital San Juan de Dios,Bolivia,La Paz,La Paz Department,1.0,2024,554,55,1.4,3.7,1.0,12.5,5.4,20.1,4.3,19.1,7.9
H018,Hospital San Juan de Dios,Bolivia,La Paz,La Paz Department,5.0,2024,871,52,3.95,6.46,3.53,18.01,8.05,15.5,9.83,25.21,10.31
H019,Hospital del Salvador,Chile,Santiago,Metropolitan Santiago,1.0,2024,773,89,1.6,3.2,1.0,18.4,6.1,5.6,3.7,22.5,9.3
H019,Hospital del Salvador,Chile,Santiago,Metropolitan Santiago,5.0,2024,817,79,5.3,3.4,0.9,19.1,5.3,4.7,11.2,12.8,8.0
H019,Hospital del Salvador,Chile,Santiago,Metropolitan Santiago,1.0,2024,680,42,4.1,2.6,0.9,8.9,5.7,11.4,4.3,31.8,8.1
H019,Hospital del Salvador,Chile,Santiago,Metropolitan Santiago,9.0,2024,1693,102,1.8,2.3,3.6,9.1,5.9,10.5,6.8,16.1,7.6
H019,Hospital del Salvador,Chile,Santiago,Metropolitan Santiago,1.0,2025,998,61,7.1,2.4,3.4,8.4,4.1,14.6,16.7,13.4,7.6
H019,Hospital del Salvador,Chile,Santiago,Metropolitan Santiago,10.0,2024,1342,91,2.2,4.7,1.7,12.3,8.2,9.8,4.2,38.5,5.7
H019,Hospital del Salvador,Chile,Santiago,Metropolitan Santiago,1.0,2024,1672,114,2.19,3.61,1.45,12.18,4.9,7.48,6.05,17.02,7.03
H019,Hospital del Salvador,Chile,Santiago,Metropolitan Santiago,8.0,2024,1817,110,2.16,3.27,1.74,12.24,4.9,8.42,5.95,15.21,7.91
H019,Hospital del Salvador,Chile,Santiago,Metropolitan Santiago,8.0,2025,1475,117,1.561713663489369,4.6,1.0,11.485234774980954,4.2,12.73,4.2,15.5,5.7
H019,Hospital del Salvador,Chile,Santiago,Metropolitan Santiago,2.0,2024,1749,125,2.09,3.48,1.48,12.18,4.99,7.82,5.87,16.23,7.38
H019,Hospital del Salvador,Chile,Santiago,Metropolitan Santiago,1.0,2024,1734,122,2.0,3.4,1.6,11.6,5.1,7.7,6.0,16.2,7.3
H019,Hospital del Salvador,Chile,Santiago,Metropolitan Santiago,1.0,2024,1730,124,1.99,3.48,1.57,11.32,5.17,7.41,6.38,16.07,7.38
H019,Hospital del Salvador,Chile,Santiago,Metropolitan Santiago,4.0,2025,1726,124,1.79,3.1,1.29,10.83,5.15,7.25,4.97,15.49,7.3
H019,Hospital del Salvador,Chile,Santiago,Metropolitan Santiago,2.0,2024,1693,119,1.9,3.3,1.5,11.2,5.0,7.4,5.8,15.7,7.1
H019,Hospital del Salvador,Chile,Santiago,Metropolitan Santiago,12.0,2024,1773,126,2.1,3.6,1.7,12.1,5.3,8.1,6.3,16.8,7.6
H019,Hospital del Salvador,Chile,Santiago,Metropolitan Santiago,5.0,2024,1755,124,2.0,3.5,1.6,11.9,5.2,7.9,6.1,16.5,7.4
H019,Hospital del Salvador,Chile,Santiago,Metropolitan Santiago,6.0,2024,1712,121,1.9,3.3,1.5,11.4,5.0,7.5,5.9,15.9,7.2
H019,Hospital del Salvador,Chile,Santiago,Metropolitan Santiago,7.0,2024,616,73,3.6,3.9,3.2,10.1,6.7,20.8,4.2,27.1,6.3
H019,Hospital del Salvador,Chile,Santiago,Metropolitan Santiago,11.0,2025,2718,91,2.5,2.9,3.0,13.0,5.2,3.8,9.7,15.7,7.2
H019,Hospital del Salvador,Chile,Santiago,Metropolitan Santiago,11.0,2024,1011,36,3.8,6.8,1.2,13.8,6.0,8.5,13.6,27.4,8.1
H019,Hospital del Salvador,Chile,Santiago,Metropolitan Santiago,12.0,2024,1570,157,2.5,1.8,3.4,7.1,5.8,14.6,5.8,24.7,9.5
H019,Hospital del Salvador,Chile,Santiago,Metropolitan Santiago,6.0,2024,869,104,1.5,5.9,3.7,16.6,5.9,5.8,2.9,14.8,4.8
H019,Hospital del Salvador,Chile,Santiago,Metropolitan Santiago,1.0,2024,2172,115,1.9,8.3,2.1,18.0,9.6,7.8,6.3,30.2,8.9
H019,Hospital del Salvador,Chile,Santiago,Metropolitan Santiago,7.0,2024,1256,194,3.8,4.3,0.9,19.0,3.6,7.1,10.4,12.0,8.6
H019,Hospital del Salvador,Chile,Santiago,Metropolitan Santiago,2.0,2024,1052,136,2.9,3.8,0.9,7.7,4.3,21.2,10.1,17.5,6.1
H019,Hospital del Salvador,Chile,Santiago,Metropolitan Santiago,3.0,2024,672,104,1.8,5.4,4.9,9.1,3.9,24.7,6.0,12.1,5.8
H019,Hospital del Salvador,Chile,Santiago,Metropolitan Santiago,10.0,2024,2134,103,0.9,4.3,3.0,16.5,5.7,7.6,10.4,10.5,8.1
H019,Hospital del Salvador,Chile,Santiago,Metropolitan Santiago,1.0,2024,1123,103,2.5,2.3,1.5,11.9,5.7,10.8,3.2,12.2,4.9
H019,Hospital del Salvador,Chile,Santiago,Metropolitan Santiago,12.0,2025,1750,126,1.89,3.19,1.33,10.52,5.23,7.3,5.69,15.28,7.54
H019,Hospital del Salvador,Chile,Santiago,Metropolitan Santiago,1.0,2024,1761,125,2.09,3.41,1.6,12.07,5.08,7.84,5.95,16.03,7.33
H019,Hospital del Salvador,Chile,Santiago,Metropolitan Santiago,3.0,2024,1884,137,2.01,3.2,1.55,11.21,5.14,7.46,6.61,16.92,7.85
H019,Hospital del Salvador,Chile,Santiago,Metropolitan Santiago,2.0,2024,1720,124,2.01,3.35,1.65,11.61,5.17,7.5,6.01,17.06,7.49
H019,Hospital del Salvador,Chile,Santiago,Metropolitan Santiago,1.0,2024,1734,122,2.0,3.4,1.6,11.6,5.1,7.7,6.0,16.2,7.3
H019,Hospital del Salvador,Chile,Santiago,Metropolitan Santiago,8.0,2024,1465,42,2.6,6.5,3.0,13.2,4.3,5.3,6.8,9.5,11.8
H019,Hospital del Salvador,Chile,Santiago,Metropolitan Santiago,3.0,2024,1770,125,2.1,3.5,1.6,12.0,5.2,8.0,6.2,16.7,7.5
H019,Hospital del Salvador,Chile,Santiago,Metropolitan Santiago,1.0,2024,1545,69,1.6,5.5,1.0,12.6,8.6,24.2,16.2,33.6,6.4
H019,Hospital del Salvador,Chile,Santiago,Metropolitan Santiago,1.0,2024,904,163,1.0,3.9,2.5,12.4,7.4,20.9,3.8,19.9,8.0
H019,Hospital del Salvador,Chile,Santiago,Metropolitan Santiago,1.0,2024,1853,189,3.6,3.9,1.0,8.7,5.3,8.9,10.3,19.9,5.9
H019,Hospital del Salvador,Chile,Santiago,Metropolitan Santiago,7.0,2024,2187,87,1.1,2.6,0.7,17.1,6.3,5.0,6.2,25.6,6.1
H019,Hospital del Salvador,Chile,Santiago,Metropolitan Santiago,2.0,2024,1693,119,1.9,3.3,1.5,11.2,5.0,7.4,5.8,15.7,7.1
H019,Hospital del Salvador,Chile,Santiago,Metropolitan Santiago,1.0,2025,1747,123,1.8,3.2,1.4,11.0,4.9,7.2,5.6,15.4,7.0
H019,Hospital del Salvador,Chile,Santiago,Metropolitan Santiago,12.0,2024,1773,126,2.1,3.6,1.7,12.1,5.3,8.1,6.3,16.8,7.6
H019,Hospital del Salvador,Chile,Santiago,Metropolitan Santiago,11.0,2024,1736,122,2.0,3.4,1.6,11.7,5.1,7.7,6.0,16.2,7.3
H019,Hospital del Salvador,Chile,Santiago,Metropolitan Santiago,11.0,2024,1731,61,6.4,2.3,1.2,16.8,5.2,10.6,4.5,10.4,8.1
H019,Hospital del Salvador,Chile,Santiago,Metropolitan Santiago,12.0,2024,2184,154,2.2,5.8,4.2,11.9,3.6,5.9,6.0,17.5,7.4
H019,Hospital del Salvador,Chile,Santiago,Metropolitan Santiago,9.0,2024,1724,122,1.9,3.4,1.5,11.5,5.1,7.6,5.9,16.1,7.2
H019,Hospital del Salvador,Chile,Santiago,Metropolitan Santiago,8.0,2024,1740,123,2.0,3.4,1.6,11.7,5.1,7.8,6.0,16.3,7.3
H019,Hospital del Salvador,Chile,Santiago,Metropolitan Santiago,7.0,2024,1765,124,2.1,3.5,1.6,11.9,5.2,8.0,6.2,16.6,7.5
H019,Hospital del Salvador,Chile,Santiago,Metropolitan Santiago,6.0,2024,1712,121,1.9,3.3,1.5,11.4,5.0,7.5,5.9,15.9,7.2
H019,Hospital del Salvador,Chile,Santiago,Metropolitan Santiago,5.0,2024,1755,124,2.0,3.5,1.6,11.9,5.2,7.9,6.1,16.5,7.4
H019,Hospital del Salvador,Chile,Santiago,Metropolitan Santiago,9.0,2024,1782,117,1.83,3.28,1.55,11.5,4.99,8.14,6.2,16.69,7.42
H019,Hospital del Salvador,Chile,Santiago,Metropolitan Santiago,4.0,2024,1743,123,2.0,3.4,1.6,11.8,5.1,7.8,6.1,16.4,7.4
H019,Hospital del Salvador,Chile,Santiago,Metropolitan Santiago,10.0,2024,1752,124,2.0,3.5,1.6,11.8,5.2,7.9,6.1,16.5,7.4
H020,Hospital General de Agudos,Argentina,Buenos Aires,Buenos Aires Province,10.0,2024,2269,147,2.41,3.67,1.59,13.39,5.02,8.87,6.65,18.02,7.01
H020,Hospital General de Agudos,Argentina,Buenos Aires,Buenos Aires Province,5.0,2024,1585,121,3.2,5.8,2.0,11.7,10.8,4.3,4.0,9.5,6.6
H020,Hospital General de Agudos,Argentina,Buenos Aires,Buenos Aires Province,7.0,2024,1159,27,1.3,3.3,1.1,10.1,6.8,14.3,10.1,20.0,6.8
H020,Hospital General de Agudos,Argentina,Buenos Aires,Buenos Aires Province,7.0,2024,1743,129,2.1,6.8,1.0,8.7,6.9,5.6,6.6,12.9,6.7
H020,Hospital General de Agudos,Argentina,Buenos Aires,Buenos Aires Province,4.0,2024,702,38,1.4,5.9,1.3,11.6,4.4,23.2,6.2,12.9,4.7
H020,Hospital General de Agudos,Argentina,Buenos Aires,Buenos Aires Province,1.0,2025,1847,138,2.4,7.6,1.6,7.1,5.1,4.3,16.6,10.1,9.1
H020,Hospital General de Agudos,Argentina,Buenos Aires,Buenos Aires Province,9.0,2024,2187,127,1.4,2.7,3.1,12.8,7.0,5.1,6.7,17.1,10.0
H020,Hospital General de Agudos,Argentina,Buenos Aires,Buenos Aires Province,5.0,2025,1697,30,3.2,6.3,1.4,8.7,5.8,5.2,13.5,27.4,7.9
H020,Hospital General de Agudos,Argentina,Buenos Aires,Buenos Aires Province,9.0,2024,2022,143,2.05,3.34,1.72,11.02,5.06,7.55,6.53,15.96,7.43
H020,Hospital General de Agudos,Argentina,Buenos Aires,Buenos Aires Province,2.0,2024,2093,150,2.12,3.66,1.49,12.27,4.8,7.98,5.61,15.66,7.16
H020,Hospital General de Agudos,Argentina,Buenos Aires,Buenos Aires Province,4.0,2024,2244,152,2.31,3.81,1.68,11.36,5.67,8.8,7.0,18.14,7.59
H020,Hospital General de Agudos,Argentina,Buenos Aires,Buenos Aires Province,9.0,2024,1574,135,1.5,4.9,4.9,13.1,8.3,10.2,6.2,39.8,8.0
H020,Hospital General de Agudos,Argentina,Buenos Aires,Buenos Aires Province,7.0,2024,1437,86,2.5,2.8,1.4,9.8,3.3,8.9,9.3,24.2,8.5
H020,Hospital General de Agudos,Argentina,Buenos Aires,Buenos Aires Province,2.0,2024,1247,103,1.0,4.2,4.5,16.6,5.1,17.4,8.6,15.7,8.2
H020,Hospital General de Agudos,Argentina,Buenos Aires,Buenos Aires Province,2.0,2024,2104,147,2.1,3.6,1.6,11.7,5.2,7.9,6.0,16.3,7.4
H020,Hospital General de Agudos,Argentina,Buenos Aires,Buenos Aires Province,9.0,2024,2171,151,2.32,3.99,1.51,11.92,5.35,8.6,6.26,16.9,7.44
H020,Hospital General de Agudos,Argentina,Buenos Aires,Buenos Aires Province,3.0,2024,2161,154,2.2,3.66,1.63,11.82,5.46,8.09,5.92,17.08,7.93
H020,Hospital General de Agudos,Argentina,Buenos Aires,Buenos Aires Province,2.0,2024,554,79,1.9,4.3,1.5,7.5,5.7,17.1,11.3,15.3,6.2
H020,Hospital General de Agudos,Argentina,Buenos Aires,Buenos Aires Province,6.0,2024,2098,72,3.4,4.4,2.9,13.1,6.7,11.7,6.8,28.6,6.4
H020,Hospital General de Agudos,Argentina,Buenos Aires,Buenos Aires Province,1.0,2024,1709,48,1.4,3.8,1.5,11.6,3.6,5.4,6.8,29.4,8.6
H020,Hospital General de Agudos,Argentina,Buenos Aires,Buenos Aires Province,5.0,2024,1867,153,1.8,2.9,0.8,12.3,6.5,13.8,6.4,14.0,8.2
H020,Hospital General de Agudos,Argentina,Buenos Aires,Buenos Aires Province,4.0,2024,1314,120,1.9,2.5,3.1,16.5,4.0,4.2,5.9,15.1,13.6
H020,Hospital General de Agudos,Argentina,Buenos Aires,Buenos Aires Province,1.0,2025,2172,153,2.0,3.5,1.5,11.4,5.1,7.7,5.9,16.0,7.3
H020,Hospital General de Agudos,Argentina,Buenos Aires,Buenos Aires Province,12.0,2024,2205,156,2.4,4.0,1.8,12.6,5.5,8.7,6.7,17.5,7.9
H020,Hospital General de Agudos,Argentina,Buenos Aires,Buenos Aires Province,6.0,2024,551,111,3.8,8.4,4.6,23.6,4.7,9.5,9.3,20.6,16.2
H020,Hospital General de Agudos,Argentina,Buenos Aires,Buenos Aires Province,4.0,2024,2168,153,2.2,3.8,1.7,12.3,5.4,8.4,6.4,17.1,7.7
H020,Hospital General de Agudos,Argentina,Buenos Aires,Buenos Aires Province,3.0,2024,2122,155,2.46,3.97,1.76,12.35,5.45,8.49,6.43,16.95,7.64
H020,Hospital General de Agudos,Argentina,Buenos Aires,Buenos Aires Province,1.0,2024,2156,151,2.2,3.8,1.7,12.1,5.3,8.2,6.3,16.8,7.6
H020,Hospital General de Agudos,Argentina,Buenos Aires,Buenos Aires Province,2.0,2024,2104,147,2.1,3.6,1.6,11.7,5.2,7.9,6.0,16.3,7.4
H020,Hospital General de Agudos,Argentina,Buenos Aires,Buenos Aires Province,3.0,2024,2202,155,2.3,3.9,1.8,12.5,5.5,8.6,6.6,17.4,7.9
H020,Hospital General de Agudos,Argentina,Buenos Aires,Buenos Aires Province,4.0,2024,2168,153,2.2,3.8,1.7,12.3,5.4,8.4,6.4,17.1,7.7
H020,Hospital General de Agudos,Argentina,Buenos Aires,Buenos Aires Province,5.0,2024,2184,154,2.3,3.9,1.8,12.4,5.4,8.5,6.5,17.2,7.8
H020,Hospital General de Agudos,Argentina,Buenos Aires,Buenos Aires Province,6.0,2024,2130,150,2.1,3.7,1.7,11.9,5.3,8.0,6.2,16.5,7.5
H020,Hospital General de Agudos,Argentina,Buenos Aires,Buenos Aires Province,7.0,2024,2196,154,2.3,3.9,1.8,12.4,5.5,8.5,6.6,17.3,7.8
H020,Hospital General de Agudos,Argentina,Buenos Aires,Buenos Aires Province,8.0,2024,2164,152,2.2,3.8,1.7,12.2,5.3,8.3,6.4,17.0,7.7
H020,Hospital General de Agudos,Argentina,Buenos Aires,Buenos Aires Province,9.0,2024,2143,151,2.2,3.7,1.7,12.0,5.3,8.1,6.3,16.7,7.6
H020,Hospital General de Agudos,Argentina,Buenos Aires,Buenos Aires Province,10.0,2024,2180,153,2.2,3.8,1.7,12.3,5.4,8.4,6.5,17.1,7.7
H020,Hospital General de Agudos,Argentina,Buenos Aires,Buenos Aires Province,11.0,2024,2158,151,2.2,3.8,1.7,12.1,5.3,8.2,6.3,16.9,7.6
H020,Hospital General de Agudos,Argentina,Buenos Aires,Buenos Aires Province,12.0,2024,2205,156,2.4,4.0,1.8,12.6,5.5,8.7,6.7,17.5,7.9
H020,Hospital General de Agudos,Argentina,Buenos Aires,Buenos Aires Province,1.0,2025,2172,153,2.0,3.5,1.5,11.4,5.1,7.7,5.9,16.0,7.3
H020,Hospital General de Agudos,Argentina,Buenos Aires,Buenos Aires Province,3.0,2024,1770,103,2.4,3.9,1.0,22.0,8.0,9.0,8.1,29.1,6.3
H020,Hospital General de Agudos,Argentina,Buenos Aires,Buenos Aires Province,11.0,2024,2189,150,2.18,3.86,1.62,12.18,5.19,8.09,6.44,16.21,7.73
H020,Hospital General de Agudos,Argentina,Buenos Aires,Buenos Aires Province,2.0,2024,2159,152,2.21,3.64,1.58,12.68,5.24,7.98,5.86,16.63,7.41
H020,Hospital General de Agudos,Argentina,Buenos Aires,Buenos Aires Province,6.0,2024,419,51,2.6,5.7,4.3,19.1,6.5,5.7,6.4,14.8,6.6
H020,Hospital General de Agudos,Argentina,Buenos Aires,Buenos Aires Province,12.0,2024,554,87,1.0,3.8,0.9,11.8,5.4,6.2,6.8,24.5,6.2
H020,Hospital General de Agudos,Argentina,Buenos Aires,Buenos Aires Province,6.0,2024,2130,150,2.1,3.7,1.7,11.9,5.3,8.0,6.2,16.5,7.5
H020,Hospital General de Agudos,Argentina,Buenos Aires,Buenos Aires Province,7.0,2024,1736,129,2.8,2.7,5.7,12.6,11.0,7.3,3.6,8.7,7.8
H020,Hospital General de Agudos,Argentina,Buenos Aires,Buenos Aires Province,4.0,2024,2172,28,3.6,5.9,1.8,25.5,5.1,8.6,3.4,18.4,13.4
H020,Hospital General de Agudos,Argentina,Buenos Aires,Buenos Aires Province,12.0,2024,612,42,2.2,5.8,5.7,10.0,3.8,3.7,9.8,32.3,7.9
H021,Hospital Base Valdivia,Chile,Valdivia,Los Ríos Region,2.0,2024,1482,27,2.1,3.3,0.6,17.4,4.6,4.8,10.0,15.2,6.8
H021,Hospital Base Valdivia,Chile,Valdivia,Los Ríos Region,10.0,2024,1241,87,2.23,4.01,1.73,13.0,5.77,9.05,6.8,18.8,7.79
H021,Hospital Base Valdivia,Chile,Valdivia,Los Ríos Region,8.0,2025,1275,88,2.03,3.63,1.65,11.56,5.79,8.23,6.01,16.32,8.15
H021,Hospital Base Valdivia,Chile,Valdivia,Los Ríos Region,5.0,2024,1262,88,2.4,4.1,1.8,13.0,5.7,9.2,6.8,18.2,8.2
H021,Hospital Base Valdivia,Chile,Valdivia,Los Ríos Region,3.0,2024,1229,86,2.24,3.92,1.87,12.66,5.8,8.85,6.77,17.55,8.5
H021,Hospital Base Valdivia,Chile,Valdivia,Los Ríos Region,5.0,2024,1260,87,2.27,4.06,1.89,13.32,5.44,9.09,6.99,17.19,8.11
H021,Hospital Base Valdivia,Chile,Valdivia,Los Ríos Region,3.0,2024,768,125,1.2,6.4,1.7,11.0,5.0,9.1,4.7,18.4,10.9
H021,Hospital Base Valdivia,Chile,Valdivia,Los Ríos Region,8.0,2024,1249,87,2.3,4.0,1.8,12.8,5.6,9.0,6.7,17.9,8.0
H021,Hospital Base Valdivia,Chile,Valdivia,Los Ríos Region,11.0,2024,1136,78,2.44,3.63,1.86,13.96,5.91,9.19,6.24,16.26,8.21
H021,Hospital Base Valdivia,Chile,Valdivia,Los Ríos Region,7.0,2024,1268,89,2.4,4.1,1.9,13.1,5.8,9.3,6.9,18.3,8.2
H021,Hospital Base Valdivia,Chile,Valdivia,Los Ríos Region,6.0,2024,1277,76,2.35,3.94,1.74,11.71,4.98,8.52,5.96,18.86,8.27
H021,Hospital Base Valdivia,Chile,Valdivia,Los Ríos Region,6.0,2024,1229,86,2.2,3.9,1.7,12.5,5.5,8.8,6.6,17.5,7.9
H021,Hospital Base Valdivia,Chile,Valdivia,Los Ríos Region,1.0,2025,1293,82,2.21,3.49,1.58,10.96,5.08,8.11,6.67,16.87,7.4
H021,Hospital Base Valdivia,Chile,Valdivia,Los Ríos Region,5.0,2024,1262,88,2.4,4.1,1.8,13.0,5.7,9.2,6.8,18.2,8.2
H021,Hospital Base Valdivia,Chile,Valdivia,Los Ríos Region,9.0,2024,1251,87,2.48,4.22,1.73,12.96,5.84,8.93,6.68,17.66,7.82
H021,Hospital Base Valdivia,Chile,Valdivia,Los Ríos Region,2.0,2024,1214,85,2.2,3.9,1.7,12.3,5.5,8.7,6.5,17.3,7.8
H021,Hospital Base Valdivia,Chile,Valdivia,Los Ríos Region,6.0,2025,745,74,1.6,4.6,2.6,16.2,7.6,24.8,16.8,18.0,5.5
H021,Hospital Base Valdivia,Chile,Valdivia,Los Ríos Region,9.0,2024,1237,87,2.3,4.0,1.7,12.6,5.6,8.9,6.6,17.7,7.9
H021,Hospital Base Valdivia,Chile,Valdivia,Los Ríos Region,12.0,2024,1384,84,2.26,4.52,2.02,14.24,5.84,8.9,6.83,17.47,8.76
H021,Hospital Base Valdivia,Chile,Valdivia,Los Ríos Region,5.0,2024,1734,102,1.5,6.4,4.5,11.3,3.4,8.1,7.0,13.2,5.5
H021,Hospital Base Valdivia,Chile,Valdivia,Los Ríos Region,2.0,2024,1018,129,1.6,6.5,2.4,11.6,4.5,5.9,10.4,12.7,8.6
H021,Hospital Base Valdivia,Chile,Valdivia,Los Ríos Region,4.0,2024,1252,88,2.3,4.0,1.8,12.9,5.7,9.1,6.8,18.1,8.1
H021,Hospital Base Valdivia,Chile,Valdivia,Los Ríos Region,5.0,2024,662,112,1.2,2.4,1.1,26.2,3.8,9.0,5.6,14.0,7.3
H021,Hospital Base Valdivia,Chile,Valdivia,Los Ríos Region,2.0,2024,413,92,1.5,3.8,1.8,10.1,5.2,10.0,4.2,14.6,11.9
H021,Hospital Base Valdivia,Chile,Valdivia,Los Ríos Region,2.0,2024,1280,91,2.32,3.95,1.68,12.15,5.07,9.25,6.05,17.05,7.33
H021,Hospital Base Valdivia,Chile,Valdivia,Los Ríos Region,2.0,2024,1867,51,2.3,4.9,1.5,12.4,6.9,20.6,7.0,24.4,6.9
H021,Hospital Base Valdivia,Chile,Valdivia,Los Ríos Region,5.0,2024,976,47,4.0,3.9,4.0,13.9,6.4,6.4,6.0,25.1,8.1
H021,Hospital Base Valdivia,Chile,Valdivia,Los Ríos Region,11.0,2024,436,104,2.7,2.3,3.2,12.3,4.9,5.7,16.5,17.1,6.1
H021,Hospital Base Valdivia,Chile,Valdivia,Los Ríos Region,8.0,2024,1333,154,2.3,4.2,0.9,13.5,9.6,5.1,9.3,15.3,7.2
H021,Hospital Base Valdivia,Chile,Valdivia,Los Ríos Region,9.0,2024,1714,45,2.7,2.8,2.2,16.0,7.1,4.8,6.9,20.0,9.2
H021,Hospital Base Valdivia,Chile,Valdivia,Los Ríos Region,10.0,2024,1747,55,1.6,10.8,2.8,13.0,3.5,7.8,9.1,22.8,11.3
H021,Hospital Base Valdivia,Chile,Valdivia,Los Ríos Region,1.0,2025,1256,88,2.1,3.7,1.6,12.0,5.4,8.5,6.3,17.1,7.6
H021,Hospital Base Valdivia,Chile,Valdivia,Los Ríos Region,12.0,2024,1275,90,2.5,4.2,1.9,13.2,5.8,9.4,7.0,18.5,8.4
H021,Hospital Base Valdivia,Chile,Valdivia,Los Ríos Region,11.0,2024,1247,87,2.3,4.0,1.8,12.8,5.6,9.0,6.7,17.9,8.0
H021,Hospital Base Valdivia,Chile,Valdivia,Los Ríos Region,10.0,2024,1259,88,2.3,4.1,1.8,12.9,5.7,9.1,6.8,18.1,8.1
H021,Hospital Base Valdivia,Chile,Valdivia,Los Ríos Region,5.0,2024,1717,104,1.6,3.7,1.9,27.1,4.3,10.2,12.3,24.1,7.8
H021,Hospital Base Valdivia,Chile,Valdivia,Los Ríos Region,9.0,2024,2189,60,1.5,3.5,1.8,12.3,7.6,18.7,13.1,13.1,16.2
H021,Hospital Base Valdivia,Chile,Valdivia,Los Ríos Region,11.0,2024,1247,87,2.3,4.0,1.8,12.8,5.6,9.0,6.7,17.9,8.0
H021,Hospital Base Valdivia,Chile,Valdivia,Los Ríos Region,2.0,2024,1214,85,2.2,3.9,1.7,12.3,5.5,8.7,6.5,17.3,7.8
H021,Hospital Base Valdivia,Chile,Valdivia,Los Ríos Region,5.0,2024,1570,120,1.0,2.5,4.1,9.3,7.6,6.8,4.6,16.1,4.9
H021,Hospital Base Valdivia,Chile,Valdivia,Los Ríos Region,1.0,2025,1482,109,4.2,4.0,3.9,9.5,4.4,6.8,7.2,10.2,5.2
H021,Hospital Base Valdivia,Chile,Valdivia,Los Ríos Region,1.0,2024,1657,108,3.3,5.7,1.7,11.7,4.0,3.4,6.2,16.9,6.9
H021,Hospital Base Valdivia,Chile,Valdivia,Los Ríos Region,3.0,2024,1272,89,2.4,4.1,1.9,13.1,5.8,9.3,6.9,18.4,8.3
H021,Hospital Base Valdivia,Chile,Valdivia,Los Ríos Region,10.0,2024,1247,36,4.0,6.6,2.2,12.3,10.8,7.8,6.0,28.6,6.2
H021,Hospital Base Valdivia,Chile,Valdivia,Los Ríos Region,8.0,2024,1746,82,2.1,3.0,5.7,7.8,5.1,5.9,2.9,26.5,15.2
H021,Hospital Base Valdivia,Chile,Valdivia,Los Ríos Region,4.0,2024,1267,99,1.5,2.6,2.8,7.4,5.3,6.4,10.6,22.9,12.7
H021,Hospital Base Valdivia,Chile,Valdivia,Los Ríos Region,1.0,2024,1245,87,2.3,4.0,1.8,12.7,5.6,9.0,6.7,17.8,8.0
H021,Hospital Base Valdivia,Chile,Valdivia,Los Ríos Region,3.0,2024,614,79,1.9,7.3,3.0,15.3,8.9,5.1,6.7,12.1,8.6
H021,Hospital Base Valdivia,Chile,Valdivia,Los Ríos Region,5.0,2024,545,114,4.1,3.1,2.1,22.4,5.7,8.7,7.2,13.7,7.8
H022,Hospital Clínico Universidad Católica,Chile,Santiago,Metropolitan Santiago,1.0,2024,2099,137,1.26,2.43,0.96,8.71,3.69,4.98,3.66,12.3,5.88
H022,Hospital Clínico Universidad Católica,Chile,Santiago,Metropolitan Santiago,1.0,2025,1938,136,1.2,2.1,0.9,8.0,3.8,4.5,3.3,11.2,5.3
H022,Hospital Clínico Universidad Católica,Chile,Santiago,Metropolitan Santiago,8.0,2024,1915,129,1.31,2.5,1.0,8.52,4.14,4.56,3.7,11.25,5.92
H022,Hospital Clínico Universidad Católica,Chile,Santiago,Metropolitan Santiago,5.0,2024,548,50,4.9,2.9,2.3,15.6,4.3,24.8,11.4,12.6,9.7
H022,Hospital Clínico Universidad Católica,Chile,Santiago,Metropolitan Santiago,5.0,2024,1018,137,2.3,6.1,1.6,9.5,3.6,8.0,17.0,24.6,5.0
H022,Hospital Clínico Universidad Católica,Chile,Santiago,Metropolitan Santiago,1.0,2024,1259,88,2.3,7.4,1.9,12.0,4.1,18.2,7.3,40.3,16.0
H022,Hospital Clínico Universidad Católica,Chile,Santiago,Metropolitan Santiago,5.0,2024,1562,82,1.7,10.8,2.2,14.2,5.4,7.0,6.0,13.2,9.8
H022,Hospital Clínico Universidad Católica,Chile,Santiago,Metropolitan Santiago,1.0,2024,1842,123,1.9,8.6,1.3,16.4,4.6,6.5,6.1,16.6,8.7
H022,Hospital Clínico Universidad Católica,Chile,Santiago,Metropolitan Santiago,3.0,2024,1895,143,1.47,2.56,0.93,8.67,3.95,5.38,3.73,12.28,6.13
H022,Hospital Clínico Universidad Católica,Chile,Santiago,Metropolitan Santiago,12.0,2024,1926,137,1.24,2.3,0.97,8.82,4.06,4.91,3.69,12.31,5.72
H022,Hospital Clínico Universidad Católica,Chile,Santiago,Metropolitan Santiago,4.0,2024,1935,136,1.3,2.3,1.0,8.6,4.0,5.0,3.6,12.0,5.7
H022,Hospital Clínico Universidad Católica,Chile,Santiago,Metropolitan Santiago,1.0,2025,1938,136,1.2,2.1,0.9,8.0,3.8,4.5,3.3,11.2,5.3
H022,Hospital Clínico Universidad Católica,Chile,Santiago,Metropolitan Santiago,4.0,2024,1974,135,1.39,2.19,0.94,8.17,4.02,5.06,3.59,12.26,5.51
H022,Hospital Clínico Universidad Católica,Chile,Santiago,Metropolitan Santiago,6.0,2024,1463,90,3.8,3.6,2.6,7.9,8.1,5.6,8.0,23.4,8.3
H022,Hospital Clínico Universidad Católica,Chile,Santiago,Metropolitan Santiago,6.0,2024,419,71,1.8,3.9,0.9,7.3,4.8,9.0,6.4,11.7,8.1
H022,Hospital Clínico Universidad Católica,Chile,Santiago,Metropolitan Santiago,9.0,2024,1312,133,1.1,2.7,5.7,8.6,4.3,9.3,13.1,19.2,6.3
H022,Hospital Clínico Universidad Católica,Chile,Santiago,Metropolitan Santiago,3.0,2024,1312,134,2.8,4.6,1.0,7.1,4.3,19.5,6.8,12.2,6.1
H022,Hospital Clínico Universidad Católica,Chile,Santiago,Metropolitan Santiago,10.0,2024,1912,155,1.9,1.9,2.0,10.9,8.1,4.8,10.3,20.2,7.8
H022,Hospital Clínico Universidad Católica,Chile,Santiago,Metropolitan Santiago,9.0,2024,439,58,7.1,4.8,0.8,7.5,7.0,18.5,3.7,15.3,8.3
H022,Hospital Clínico Universidad Católica,Chile,Santiago,Metropolitan Santiago,7.0,2024,1900,139,1.33,2.24,0.97,8.68,4.02,5.02,3.46,11.92,5.4
H022,Hospital Clínico Universidad Católica,Chile,Santiago,Metropolitan Santiago,7.0,2024,1959,137,1.4,2.4,1.0,8.8,4.1,5.1,3.7,12.2,5.8
H022,Hospital Clínico Universidad Católica,Chile,Santiago,Metropolitan Santiago,9.0,2024,1938,136,1.29,2.36,1.02,8.33,3.88,4.57,3.65,11.5,5.28
H022,Hospital Clínico Universidad Católica,Chile,Santiago,Metropolitan Santiago,1.0,2025,2051,126,1.09,2.17,0.9,7.3,3.88,4.71,3.57,11.43,5.54
H022,Hospital Clínico Universidad Católica,Chile,Santiago,Metropolitan Santiago,12.0,2024,1967,139,1.4,2.4,1.0,8.9,4.2,5.2,3.8,12.3,5.9
H022,Hospital Clínico Universidad Católica,Chile,Santiago,Metropolitan Santiago,12.0,2024,1954,136,1.32,2.3,0.95,8.66,3.97,5.13,3.66,12.06,5.55
H022,Hospital Clínico Universidad Católica,Chile,Santiago,Metropolitan Santiago,4.0,2024,2086,143,1.22,2.36,0.91,8.47,3.81,4.55,3.28,10.96,5.5
H022,Hospital Clínico Universidad Católica,Chile,Santiago,Metropolitan Santiago,1.0,2024,735,109,2.0,3.5,5.6,26.5,5.4,9.4,3.7,12.2,5.5
H022,Hospital Clínico Universidad Católica,Chile,Santiago,Metropolitan Santiago,7.0,2024,1918,152,1.51,2.34,0.99,8.23,4.49,5.47,4.01,11.77,6.3
H022,Hospital Clínico Universidad Católica,Chile,Santiago,Metropolitan Santiago,10.0,2024,1140,102,1.7,4.0,3.1,27.3,7.6,6.4,13.8,15.0,11.1
H022,Hospital Clínico Universidad Católica,Chile,Santiago,Metropolitan Santiago,11.0,2024,1306,91,3.8,2.9,0.8,10.1,5.2,22.8,6.0,25.6,6.5
H022,Hospital Clínico Universidad Católica,Chile,Santiago,Metropolitan Santiago,3.0,2024,1964,138,1.4,2.4,1.0,8.8,4.1,5.1,3.7,12.2,5.8
H022,Hospital Clínico Universidad Católica,Chile,Santiago,Metropolitan Santiago,9.0,2024,1447,153,5.5,3.3,1.5,12.4,3.6,5.0,6.8,12.8,16.0
H022,Hospital Clínico Universidad Católica,Chile,Santiago,Metropolitan Santiago,12.0,2024,904,125,1.7,2.7,1.6,12.3,4.8,6.9,6.8,22.5,8.4
H022,Hospital Clínico Universidad Católica,Chile,Santiago,Metropolitan Santiago,9.0,2024,1912,135,1.3,2.3,0.9,8.4,4.0,4.8,3.5,11.7,5.6
H022,Hospital Clínico Universidad Católica,Chile,Santiago,Metropolitan Santiago,11.0,2024,1925,135,1.3,2.3,1.0,8.5,4.0,4.9,3.6,11.8,5.6
H022,Hospital Clínico Universidad Católica,Chile,Santiago,Metropolitan Santiago,8.0,2024,1931,136,1.3,2.3,1.0,8.6,4.0,4.9,3.6,11.9,5.6
H022,Hospital Clínico Universidad Católica,Chile,Santiago,Metropolitan Santiago,12.0,2024,845,127,1.4,2.7,1.4,19.9,10.9,14.0,7.4,31.9,7.2
H022,Hospital Clínico Universidad Católica,Chile,Santiago,Metropolitan Santiago,7.0,2024,1959,137,1.4,2.4,1.0,8.8,4.1,5.1,3.7,12.2,5.8
H022,Hospital Clínico Universidad Católica,Chile,Santiago,Metropolitan Santiago,6.0,2024,1899,134,1.2,2.2,0.9,8.3,4.0,4.8,3.5,11.6,5.5
H022,Hospital Clínico Universidad Católica,Chile,Santiago,Metropolitan Santiago,5.0,2024,1949,137,1.3,2.4,1.0,8.7,4.1,5.0,3.7,12.1,5.7
H022,Hospital Clínico Universidad Católica,Chile,Santiago,Metropolitan Santiago,6.0,2024,1245,94,1.5,3.8,0.9,11.8,6.1,5.2,7.6,9.8,9.2
H022,Hospital Clínico Universidad Católica,Chile,Santiago,Metropolitan Santiago,4.0,2024,1935,136,1.3,2.3,1.0,8.6,4.0,5.0,3.6,12.0,5.7
H022,Hospital Clínico Universidad Católica,Chile,Santiago,Metropolitan Santiago,10.0,2024,1945,136,1.3,2.3,1.0,8.7,4.0,5.0,3.6,12.0,5.7
H022,Hospital Clínico Universidad Católica,Chile,Santiago,Metropolitan Santiago,10.0,2024,1338,73,3.3,7.0,1.1,14.0,4.0,7.9,16.2,13.1,8.6
H022,Hospital Clínico Universidad Católica,Chile,Santiago,Metropolitan Santiago,3.0,2024,869,153,4.3,2.9,1.4,8.7,8.3,19.0,8.8,13.0,11.7
H022,Hospital Clínico Universidad Católica,Chile,Santiago,Metropolitan Santiago,2.0,2024,1876,132,1.2,2.2,0.9,8.2,3.9,4.7,3.4,11.4,5.4
H022,Hospital Clínico Universidad Católica,Chile,Santiago,Metropolitan Santiago,1.0,2024,1923,135,1.3,2.3,1.0,8.5,4.0,4.9,3.6,11.8,5.6
H022,Hospital Clínico Universidad Católica,Chile,Santiago,Metropolitan Santiago,12.0,2024,1967,139,1.4,2.4,1.0,8.9,4.2,5.2,3.8,12.3,5.9
H022,Hospital Clínico Universidad Católica,Chile,Santiago,Metropolitan Santiago,3.0,2024,1931,89,1.9,6.6,0.7,10.2,4.9,23.2,3.9,13.9,5.6
H022,Hospital Clínico Universidad Católica,Chile,Santiago,Metropolitan Santiago,7.0,2025,1938,73,1.8,2.8,4.2,13.8,4.6,16.8,3.9,31.8,7.7
H023,Hospital Universitario Fundación Santa Fe,Colombia,Bogotá,Cundinamarca,9.0,2024,1835,129,1.5,2.6,1.1,9.2,4.3,5.6,4.3,13.0,6.2
H023,Hospital Universitario Fundación Santa Fe,Colombia,Bogotá,Cundinamarca,10.0,2024,1696,141,1.55,2.54,1.18,10.05,4.1,5.59,4.32,13.58,6.88
H023,Hospital Universitario Fundación Santa Fe,Colombia,Bogotá,Cundinamarca,11.0,2024,1825,131,1.59,2.52,0.98,9.21,4.23,5.29,4.38,13.26,6.42
H023,Hospital Universitario Fundación Santa Fe,Colombia,Bogotá,Cundinamarca,6.0,2024,1823,129,1.4,2.5,1.1,9.1,4.3,5.6,4.2,12.9,6.1
H023,Hospital Universitario Fundación Santa Fe,Colombia,Bogotá,Cundinamarca,7.0,2024,1879,132,1.6,2.7,1.1,9.6,4.4,5.9,4.5,13.5,6.4
H023,Hospital Universitario Fundación Santa Fe,Colombia,Bogotá,Cundinamarca,4.0,2024,1792,131,1.46,2.51,1.12,9.35,4.14,5.59,3.85,13.29,6.28
H023,Hospital Universitario Fundación Santa Fe,Colombia,Bogotá,Cundinamarca,4.0,2024,1857,131,1.5,2.6,1.1,9.4,4.3,5.8,4.4,13.3,6.3
H023,Hospital Universitario Fundación Santa Fe,Colombia,Bogotá,Cundinamarca,5.0,2024,1869,132,1.5,2.7,1.1,9.5,4.4,5.8,4.4,13.4,6.3
H023,Hospital Universitario Fundación Santa Fe,Colombia,Bogotá,Cundinamarca,8.0,2024,1853,130,1.5,2.6,1.1,9.4,4.3,5.7,4.3,13.2,6.2
H023,Hospital Universitario Fundación Santa Fe,Colombia,Bogotá,Cundinamarca,12.0,2024,1835,134,1.6,2.59,1.17,9.37,4.29,5.6,4.28,13.04,6.26
H023,Hospital Universitario Fundación Santa Fe,Colombia,Bogotá,Cundinamarca,7.0,2024,1846,130,1.27,2.56,1.11,8.92,4.34,5.71,4.43,13.23,6.07
H023,Hospital Universitario Fundación Santa Fe,Colombia,Bogotá,Cundinamarca,7.0,2024,1527,127,6.9,6.1,2.2,12.4,5.4,7.2,5.3,40.3,8.6
H023,Hospital Universitario Fundación Santa Fe,Colombia,Bogotá,Cundinamarca,5.0,2024,1687,134,1.62,2.59,1.05,9.38,4.0,5.96,4.8,14.21,5.74
H023,Hospital Universitario Fundación Santa Fe,Colombia,Bogotá,Cundinamarca,8.0,2024,1853,130,1.5,2.6,1.1,9.4,4.3,5.7,4.3,13.2,6.2
H023,Hospital Universitario Fundación Santa Fe,Colombia,Bogotá,Cundinamarca,12.0,2024,1887,134,1.6,2.8,1.2,9.7,4.5,6.0,4.6,13.7,6.5
H023,Hospital Universitario Fundación Santa Fe,Colombia,Bogotá,Cundinamarca,1.0,2024,874,115,1.6,2.3,3.1,8.3,4.5,7.7,6.8,14.2,7.4
H023,Hospital Universitario Fundación Santa Fe,Colombia,Bogotá,Cundinamarca,11.0,2024,1847,130,1.5,2.6,1.1,9.3,4.3,5.7,4.3,13.2,6.2
H023,Hospital Universitario Fundación Santa Fe,Colombia,Bogotá,Cundinamarca,5.0,2024,1650,88,2.5,2.7,2.9,7.9,4.2,15.8,12.8,30.2,9.6
H023,Hospital Universitario Fundación Santa Fe,Colombia,Bogotá,Cundinamarca,11.0,2024,1289,79,2.1,2.9,0.8,12.1,6.0,5.5,7.2,20.9,10.0
H023,Hospital Universitario Fundación Santa Fe,Colombia,Bogotá,Cundinamarca,12.0,2024,2104,63,3.7,3.0,1.0,8.3,4.2,4.8,4.8,12.8,11.8
H023,Hospital Universitario Fundación Santa Fe,Colombia,Bogotá,Cundinamarca,4.0,2024,1102,164,1.5,4.1,3.9,27.3,5.1,5.8,13.4,19.2,4.7
H023,Hospital Universitario Fundación Santa Fe,Colombia,Bogotá,Cundinamarca,9.0,2024,705,154,2.5,5.9,4.2,25.5,6.1,7.2,6.3,39.7,7.6
H023,Hospital Universitario Fundación Santa Fe,Colombia,Bogotá,Cundinamarca,4.0,2024,1008,53,1.4,2.5,1.7,7.9,4.3,24.3,6.0,16.8,6.9
H023,Hospital Universitario Fundación Santa Fe,Colombia,Bogotá,Cundinamarca,3.0,2025,2196,103,2.4,2.6,1.1,13.6,5.6,6.4,9.3,24.9,9.7
H023,Hospital Universitario Fundación Santa Fe,Colombia,Bogotá,Cundinamarca,10.0,2024,1865,131,1.5,2.7,1.1,9.5,4.4,5.8,4.4,13.4,6.3
H023,Hospital Universitario Fundación Santa Fe,Colombia,Bogotá,Cundinamarca,8.0,2024,1527,138,3.1,3.4,4.2,10.6,6.8,10.7,13.1,13.2,10.0
H023,Hospital Universitario Fundación Santa Fe,Colombia,Bogotá,Cundinamarca,9.0,2024,878,108,1.4,3.2,3.4,15.6,4.3,7.1,6.5,28.5,12.6
H023,Hospital Universitario Fundación Santa Fe,Colombia,Bogotá,Cundinamarca,11.0,2024,1976,134,1.63,2.71,1.13,10.02,4.4,5.98,4.15,12.23,5.76
H023,Hospital Universitario Fundación Santa Fe,Colombia,Bogotá,Cundinamarca,12.0,2024,564,75,3.2,2.6,3.1,22.1,5.6,14.8,6.6,8.7,9.6
H023,Hospital Universitario Fundación Santa Fe,Colombia,Bogotá,Cundinamarca,1.0,2025,1860,131,1.3,2.4,1.0,8.7,4.1,5.3,4.0,12.4,5.9
H023,Hospital Universitario Fundación Santa Fe,Colombia,Bogotá,Cundinamarca,1.0,2024,1949,27,2.0,8.9,1.2,9.4,5.8,6.5,4.0,10.4,12.1
H023,Hospital Universitario Fundación Santa Fe,Colombia,Bogotá,Cundinamarca,12.0,2024,1245,70,1.6,7.3,1.1,16.2,4.6,6.1,9.8,23.2,13.2
H023,Hospital Universitario Fundación Santa Fe,Colombia,Bogotá,Cundinamarca,4.0,2024,1705,142,1.46,2.53,1.08,9.87,4.19,5.22,4.22,13.72,6.61
H023,Hospital Universitario Fundación Santa Fe,Colombia,Bogotá,Cundinamarca,2.0,2024,1570,61,1.3,8.6,2.3,16.2,3.6,15.6,6.9,24.3,8.3
H023,Hospital Universitario Fundación Santa Fe,Colombia,Bogotá,Cundinamarca,12.0,2024,1711,121,1.59,2.74,1.25,9.87,4.57,5.64,4.62,14.23,6.89
H023,Hospital Universitario Fundación Santa Fe,Colombia,Bogotá,Cundinamarca,9.0,2024,1738,129,5.3,3.2,0.7,23.8,8.9,12.6,7.2,27.3,8.1
H023,Hospital Universitario Fundación Santa Fe,Colombia,Bogotá,Cundinamarca,12.0,2024,1320,122,6.7,7.7,1.7,10.6,6.1,10.7,6.6,31.7,6.2
H023,Hospital Universitario Fundación Santa Fe,Colombia,Bogotá,Cundinamarca,2.0,2024,1801,127,1.4,2.5,1.0,9.0,4.2,5.5,4.1,12.7,6.0
H023,Hospital Universitario Fundación Santa Fe,Colombia,Bogotá,Cundinamarca,11.0,2024,1762,52,5.3,6.1,1.9,23.2,4.3,5.6,7.1,24.0,7.3
H023,Hospital Universitario Fundación Santa Fe,Colombia,Bogotá,Cundinamarca,3.0,2024,2040,126,1.63,2.91,1.15,8.7,3.99,5.5,4.7,14.58,7.01
H023,Hospital Universitario Fundación Santa Fe,Colombia,Bogotá,Cundinamarca,7.0,2024,1456,104,3.7,2.6,4.5,9.8,5.7,24.8,8.6,8.5,6.9
H023,Hospital Universitario Fundación Santa Fe,Colombia,Bogotá,Cundinamarca,2.0,2024,1801,127,1.4,2.5,1.0,9.0,4.2,5.5,4.1,12.7,6.0
H023,Hospital Universitario Fundación Santa Fe,Colombia,Bogotá,Cundinamarca,5.0,2024,1461,127,1.8,3.1,2.6,8.6,3.4,12.0,4.1,24.6,9.7
H023,Hospital Universitario Fundación Santa Fe,Colombia,Bogotá,Cundinamarca,6.0,2024,1598,72,2.2,3.6,1.6,13.5,6.9,16.9,16.5,15.3,7.9
H023,Hospital Universitario Fundación Santa Fe,Colombia,Bogotá,Cundinamarca,4.0,2024,645,43,5.6,5.7,2.6,17.3,4.6,5.9,3.6,9.6,8.7
H023,Hospital Universitario Fundación Santa Fe,Colombia,Bogotá,Cundinamarca,8.0,2024,1589,88,3.8,2.6,0.9,14.0,5.7,10.2,3.9,32.2,7.3
H023,Hospital Universitario Fundación Santa Fe,Colombia,Bogotá,Cundinamarca,7.0,2024,2121,81,3.5,4.5,2.1,14.0,7.0,4.4,4.1,14.9,5.2
H023,Hospital Universitario Fundación Santa Fe,Colombia,Bogotá,Cundinamarca,2.0,2024,1296,80,3.5,3.4,3.4,16.6,4.1,16.8,4.8,17.8,5.9
H023,Hospital Universitario Fundación Santa Fe,Colombia,Bogotá,Cundinamarca,11.0,2024,1034,51,2.4,8.5,2.1,10.7,7.1,16.9,5.0,11.4,6.3
H023,Hospital Universitario Fundación Santa Fe,Colombia,Bogotá,Cundinamarca,1.0,2024,1214,73,2.6,3.3,1.1,7.8,3.9,19.2,6.7,22.8,6.3
H023,Hospital Universitario Fundación Santa Fe,Colombia,Bogotá,Cundinamarca,1.0,2024,1845,129,1.5,2.6,1.1,9.3,4.3,5.7,4.3,13.1,6.2
H023,Hospital Universitario Fundación Santa Fe,Colombia,Bogotá,Cundinamarca,9.0,2024,756,71,2.1,5.3,1.9,21.8,4.8,14.6,5.3,16.5,7.9
H023,Hospital Universitario Fundación Santa Fe,Colombia,Bogotá,Cundinamarca,5.0,2024,1296,90,1.8,2.7,3.5,18.7,5.5,8.0,4.5,20.6,8.6
H023,Hospital Universitario Fundación Santa Fe,Colombia,Bogotá,Cundinamarca,11.0,2024,743,61,7.2,3.8,1.0,9.2,8.3,3.6,4.0,14.9,12.1
H023,Hospital Universitario Fundación Santa Fe,Colombia,Bogotá,Cundinamarca,3.0,2024,1964,134,2.5,3.8,2.3,10.5,6.1,6.9,7.6,20.2,6.0
H023,Hospital Universitario Fundación Santa Fe,Colombia,Bogotá,Cundinamarca,1.0,2024,1731,103,1.9,2.9,1.0,27.5,5.5,14.6,4.2,16.6,8.6
H023,Hospital Universitario Fundación Santa Fe,Colombia,Bogotá,Cundinamarca,5.0,2024,1323,132,2.8,2.7,3.0,12.8,8.1,3.6,3.1,29.7,8.7
H023,Hospital Universitario Fundación Santa Fe,Colombia,Bogotá,Cundinamarca,3.0,2024,1884,133,1.6,2.7,1.1,9.6,4.4,5.9,4.5,13.6,6.4
H023,Hospital Universitario Fundación Santa Fe,Colombia,Bogotá,Cundinamarca,9.0,2024,608,69,3.9,2.8,4.7,11.4,4.2,15.9,4.3,40.3,15.2
H023,Hospital Universitario Fundación Santa Fe,Colombia,Bogotá,Cundinamarca,5.0,2024,1816,132,1.54,2.86,1.04,9.27,4.31,5.9,4.25,12.75,6.43
H023,Hospital Universitario Fundación Santa Fe,Colombia,Bogotá,Cundinamarca,5.0,2024,1869,132,1.5,2.7,1.1,9.5,4.4,5.8,4.4,13.4,6.3
H023,Hospital Universitario Fundación Santa Fe,Colombia,Bogotá,Cundinamarca,2.0,2024,1714,91,4.0,4.6,1.6,14.2,4.6,17.2,7.2,14.9,8.4
H023,Hospital Universitario Fundación Santa Fe,Colombia,Bogotá,Cundinamarca,11.0,2024,1330,38,2.0,4.1,1.5,19.9,4.5,8.5,4.2,20.5,16.0
H023,Hospital Universitario Fundación Santa Fe,Colombia,Bogotá,Cundinamarca,11.0,2024,1874,139,1.48,2.54,1.1,9.68,4.42,5.28,4.52,12.43,5.78
H023,Hospital Universitario Fundación Santa Fe,Colombia,Bogotá,Cundinamarca,12.0,2024,1887,134,1.6,2.8,1.2,9.7,4.5,6.0,4.6,13.7,6.5
H023,Hospital Universitario Fundación Santa Fe,Colombia,Bogotá,Cundinamarca,4.0,2024,1857,131,1.5,2.6,1.1,9.4,4.3,5.8,4.4,13.3,6.3
H023,Hospital Universitario Fundación Santa Fe,Colombia,Bogotá,Cundinamarca,10.0,2024,856,69,1.3,4.4,3.6,13.9,4.6,9.6,7.6,18.6,7.0
H024,Hospital de Especialidades,Ecuador,Guayaquil,Guayas Province,6.0,2024,1295,91,3.3,5.6,2.8,15.9,6.6,13.0,8.5,23.2,9.5
H024,Hospital de Especialidades,Ecuador,Guayaquil,Guayas Province,11.0,2024,1314,92,3.4,5.7,2.8,16.2,6.7,13.2,8.6,23.7,9.6
H024,Hospital de Especialidades,Ecuador,Guayaquil,Guayas Province,10.0,2024,1330,93,3.4,5.8,2.9,16.5,6.8,13.5,8.8,24.1,9.8
H024,Hospital de Especialidades,Ecuador,Guayaquil,Guayas Province,3.0,2024,1342,95,3.5,5.9,2.9,16.7,6.9,13.7,8.9,24.4,9.9
H024,Hospital de Especialidades,Ecuador,Guayaquil,Guayas Province,1.0,2025,1326,93,3.2,5.4,2.6,15.2,6.4,12.4,8.1,22.5,9.2
H024,Hospital de Especialidades,Ecuador,Guayaquil,Guayas Province,7.0,2024,1338,94,3.5,5.9,2.9,16.6,6.9,13.6,8.9,24.3,9.9
H024,Hospital de Especialidades,Ecuador,Guayaquil,Guayas Province,1.0,2024,1312,92,3.4,5.7,2.8,16.1,6.7,13.2,8.6,23.6,9.6
H024,Hospital de Especialidades,Ecuador,Guayaquil,Guayas Province,5.0,2024,1333,94,3.5,5.8,2.9,16.5,6.9,13.6,8.8,24.2,9.8
H024,Hospital de Especialidades,Ecuador,Guayaquil,Guayas Province,2.0,2024,1278,89,3.2,5.5,2.7,15.6,6.5,12.7,8.3,22.9,9.3
H024,Hospital de Especialidades,Ecuador,Guayaquil,Guayas Province,8.0,2024,1319,92,3.4,5.7,2.8,16.2,6.7,13.3,8.7,23.7,9.7
H024,Hospital de Especialidades,Ecuador,Guayaquil,Guayas Province,6.0,2024,1467,127,7.1,3.3,3.1,16.6,4.2,17.1,5.7,13.0,5.9
H024,Hospital de Especialidades,Ecuador,Guayaquil,Guayas Province,9.0,2024,1306,92,3.3,5.7,2.8,16.0,6.7,13.1,8.6,23.4,9.6
H024,Hospital de Especialidades,Ecuador,Guayaquil,Guayas Province,8.0,2024,1463,157,3.1,5.1,2.1,16.8,5.3,18.2,8.5,23.6,9.1
H024,Hospital de Especialidades,Ecuador,Guayaquil,Guayas Province,12.0,2024,402,79,4.2,3.1,2.2,13.4,4.3,7.5,4.7,24.9,6.1
H024,Hospital de Especialidades,Ecuador,Guayaquil,Guayas Province,1.0,2024,402,113,5.3,3.6,2.0,13.9,5.8,14.0,6.9,18.6,6.2
H024,Hospital de Especialidades,Ecuador,Guayaquil,Guayas Province,11.0,2024,1762,154,1.2,2.1,1.7,15.6,4.5,10.2,5.8,20.5,6.0
H024,Hospital de Especialidades,Ecuador,Guayaquil,Guayas Province,4.0,2024,1323,93,3.4,5.8,2.9,16.4,6.8,13.4,8.7,24.0,9.8
H024,Hospital de Especialidades,Ecuador,Guayaquil,Guayas Province,12.0,2024,1345,96,3.6,6.0,3.0,16.8,7.0,13.8,9.0,24.5,10.0
H024,Hospital de Especialidades,Ecuador,Guayaquil,Guayas Province,8.0,2024,1295,96,3.26,5.69,2.8,16.35,6.88,13.62,8.51,23.63,9.74
H024,Hospital de Especialidades,Ecuador,Guayaquil,Guayas Province,6.0,2024,1295,91,3.3,5.6,2.8,15.9,6.6,13.0,8.5,23.2,9.5
H024,Hospital de Especialidades,Ecuador,Guayaquil,Guayas Province,6.0,2024,868,72,2.1,8.4,1.1,16.3,8.2,3.5,6.0,24.9,8.8
H024,Hospital de Especialidades,Ecuador,Guayaquil,Guayas Province,8.0,2024,698,52,2.2,2.0,1.6,11.8,7.6,10.4,8.6,31.2,13.7
H024,Hospital de Especialidades,Ecuador,Guayaquil,Guayas Province,11.0,2024,1668,155,1.6,2.3,1.0,9.5,6.5,23.9,4.7,13.2,9.6
H024,Hospital de Especialidades,Ecuador,Guayaquil,Guayas Province,7.0,2024,1189,42,1.0,6.6,3.0,8.9,4.0,6.3,7.3,20.3,6.7
H024,Hospital de Especialidades,Ecuador,Guayaquil,Guayas Province,3.0,2024,1024,108,1.2,5.8,1.9,14.4,10.9,13.1,13.5,18.7,7.3
H024,Hospital de Especialidades,Ecuador,Guayaquil,Guayas Province,8.0,2024,1257,90,3.34,5.29,2.8,14.71,6.24,13.94,8.74,25.57,10.43
H024,Hospital de Especialidades,Ecuador,Guayaquil,Guayas Province,1.0,2024,1312,92,3.4,5.7,2.8,16.1,6.7,13.2,8.6,23.6,9.6
H024,Hospital de Especialidades,Ecuador,Guayaquil,Guayas Province,2.0,2024,1306,104,1.8,6.0,1.8,12.9,7.7,5.3,16.2,12.6,7.2
H024,Hospital de Especialidades,Ecuador,Guayaquil,Guayas Province,9.0,2024,436,51,4.0,3.0,4.5,9.5,5.2,13.1,5.7,14.4,9.8
H024,Hospital de Especialidades,Ecuador,Guayaquil,Guayas Province,6.0,2024,1045,128,1.5,4.2,3.1,12.3,4.0,24.1,6.9,32.5,8.0
H024,Hospital de Especialidades,Ecuador,Guayaquil,Guayas Province,1.0,2024,1770,136,2.6,4.6,0.9,24.0,5.1,7.7,4.5,15.3,15.8
H024,Hospital de Especialidades,Ecuador,Guayaquil,Guayas Province,10.0,2024,712,102,1.8,5.4,1.0,13.2,6.0,7.0,4.2,13.2,10.2
H024,Hospital de Especialidades,Ecuador,Guayaquil,Guayas Province,9.0,2024,1309,93,3.57,6.03,2.91,16.48,6.59,13.41,8.79,23.6,9.53
H024,Hospital de Especialidades,Ecuador,Guayaquil,Guayas Province,8.0,2024,1319,92,3.4,5.7,2.8,16.2,6.7,13.3,8.7,23.7,9.7
H024,Hospital de Especialidades,Ecuador,Guayaquil,Guayas Province,8.0,2024,1319,92,3.4,5.7,2.8,16.2,6.7,13.3,8.7,23.7,9.7
H024,Hospital de Especialidades,Ecuador,Guayaquil,Guayas Province,2.0,2024,1278,89,3.2,5.5,2.7,15.6,6.5,12.7,8.3,22.9,9.3
H024,Hospital de Especialidades,Ecuador,Guayaquil,Guayas Province,11.0,2024,1314,92,3.4,5.7,2.8,16.2,6.7,13.2,8.6,23.7,9.6
H024,Hospital de Especialidades,Ecuador,Guayaquil,Guayas Province,11.0,2024,1299,94,3.33,6.09,2.77,16.55,6.79,13.79,9.04,23.75,9.49
H024,Hospital de Especialidades,Ecuador,Guayaquil,Guayas Province,1.0,2024,2112,135,6.9,11.0,4.2,16.8,3.9,5.6,4.3,32.5,4.7
H024,Hospital de Especialidades,Ecuador,Guayaquil,Guayas Province,8.0,2024,1342,95,3.48,5.9,2.75,15.56,7.0,13.14,8.59,24.54,9.8
H024,Hospital de Especialidades,Ecuador,Guayaquil,Guayas Province,6.0,2024,1322,96,3.37,5.75,2.86,16.0,6.6,13.79,8.41,22.93,9.83
H025,Hospital Santo Tomás,Panama,Panama City,Panama Province,1.0,2024,1456,102,2.7,4.6,2.2,13.6,5.9,10.2,7.0,19.8,8.3
H025,Hospital Santo Tomás,Panama,Panama City,Panama Province,2.0,2024,1420,99,2.5,4.4,2.1,13.1,5.7,9.8,6.7,19.2,8.0
H025,Hospital Santo Tomás,Panama,Panama City,Panama Province,3.0,2024,1487,105,2.8,4.8,2.3,14.1,6.1,10.6,7.3,20.5,8.6
H025,Hospital Santo Tomás,Panama,Panama City,Panama Province,9.0,2024,1449,102,2.6,4.6,2.2,13.5,5.9,10.1,7.0,19.7,8.3
H025,Hospital Santo Tomás,Panama,Panama City,Panama Province,5.0,2024,1475,104,2.8,4.7,2.3,14.0,6.0,10.5,7.2,20.3,8.5
H025,Hospital Santo Tomás,Panama,Panama City,Panama Province,6.0,2024,1438,101,2.6,4.5,2.1,13.4,5.8,10.0,6.9,19.5,8.2
H025,Hospital Santo Tomás,Panama,Panama City,Panama Province,7.0,2024,1482,104,2.8,4.8,2.3,14.0,6.1,10.6,7.3,20.4,8.6
H025,Hospital Santo Tomás,Panama,Panama City,Panama Province,8.0,2024,1461,102,2.7,4.6,2.2,13.7,5.9,10.3,7.1,20.0,8.4
H025,Hospital Santo Tomás,Panama,Panama City,Panama Province,4.0,2024,1464,103,2.7,4.7,2.2,13.8,6.0,10.4,7.1,20.1,8.4
H025,Hospital Santo Tomás,Panama,Panama City,Panama Province,2.0,2024,1420,99,2.5,4.4,2.1,13.1,5.7,9.8,6.7,19.2,8.0
H025,Hospital Santo Tomás,Panama,Panama City,Panama Province,4.0,2024,1445,113,2.78,5.04,2.17,13.91,6.6,10.48,7.58,21.49,7.88
H025,Hospital Santo Tomás,Panama,Panama City,Panama Province,1.0,2024,882,28,1.8,2.1,2.8,8.7,3.5,20.3,4.3,13.1,5.2
H025,Hospital Santo Tomás,Panama,Panama City,Panama Province,4.0,2024,436,41,1.4,2.5,5.6,23.4,4.8,8.1,6.0,17.8,12.9
H025,Hospital Santo Tomás,Panama,Panama City,Panama Province,7.0,2024,1884,126,1.2,2.6,1.7,21.7,4.0,20.3,6.3,20.2,8.2
H025,Hospital Santo Tomás,Panama,Panama City,Panama Province,10.0,2024,1472,104,2.7,4.7,2.2,13.9,6.0,10.4,7.2,20.2,8.5
H025,Hospital Santo Tomás,Panama,Panama City,Panama Province,1.0,2024,1265,129,6.9,10.7,1.0,9.5,4.9,3.6,4.6,19.2,6.9
H025,Hospital Santo Tomás,Panama,Panama City,Panama Province,12.0,2024,1235,127,1.1,2.4,2.9,21.8,6.3,5.1,4.6,10.1,7.5
H025,Hospital Santo Tomás,Panama,Panama City,Panama Province,1.0,2025,764,110,1.6,4.7,1.7,13.7,5.0,20.9,6.5,32.5,10.9
H025,Hospital Santo Tomás,Panama,Panama City,Panama Province,12.0,2024,1693,123,1.5,2.1,1.5,24.9,9.3,3.7,16.2,14.2,6.3
H025,Hospital Santo Tomás,Panama,Panama City,Panama Province,12.0,2024,1351,111,3.1,4.86,2.19,14.59,6.68,10.11,7.03,20.8,8.76
H025,Hospital Santo Tomás,Panama,Panama City,Panama Province,11.0,2024,1458,102,2.7,4.6,2.2,13.7,5.9,10.2,7.0,19.9,8.3
H025,Hospital Santo Tomás,Panama,Panama City,Panama Province,9.0,2024,1256,56,2.9,2.6,1.7,8.8,7.1,17.2,4.5,23.7,10.6
H025,Hospital Santo Tomás,Panama,Panama City,Panama Province,1.0,2025,1467,103,2.5,4.3,2.0,12.9,5.6,9.6,6.5,18.8,7.9
H025,Hospital Santo Tomás,Panama,Panama City,Panama Province,4.0,2024,1048,92,4.6,5.1,2.2,18.4,4.7,20.3,9.4,32.4,11.0
H025,Hospital Santo Tomás,Panama,Panama City,Panama Province,2.0,2024,1328,104,2.39,4.61,2.05,12.41,5.94,10.09,6.92,19.88,8.66
H025,Hospital Santo Tomás,Panama,Panama City,Panama Province,8.0,2024,1333,111,2.59,4.71,2.02,13.19,5.99,9.48,6.93,18.3,7.65
H025,Hospital Santo Tomás,Panama,Panama City,Panama Province,9.0,2024,1002,120,2.2,2.8,0.8,12.8,5.4,13.8,3.5,17.2,10.1
H025,Hospital Santo Tomás,Panama,Panama City,Panama Province,11.0,2024,2180,114,1.2,3.1,2.0,23.7,5.7,4.2,4.9,13.5,9.9
H025,Hospital Santo Tomás,Panama,Panama City,Panama Province,2.0,2024,1299,96,2.52,4.47,2.1,13.94,5.16,10.64,7.34,17.92,7.35
H025,Hospital Santo Tomás,Panama,Panama City,Panama Province,9.0,2024,2713,37,6.6,2.7,1.0,9.0,4.2,10.7,3.6,18.1,13.6
H025,Hospital Santo Tomás,Panama,Panama City,Panama Province,5.0,2025,619,154,2.5,3.1,2.0,12.3,4.2,15.9,4.5,15.3,5.5
H025,Hospital Santo Tomás,Panama,Panama City,Panama Province,4.0,2024,1490,131,1.5,2.3,1.4,8.3,7.7,5.4,9.6,29.6,10.9
H025,Hospital Santo Tomás,Panama,Panama City,Panama Province,9.0,2024,2156,37,3.8,6.7,1.2,8.5,3.5,5.8,5.4,12.6,7.1
H025,Hospital Santo Tomás,Panama,Panama City,Panama Province,11.0,2025,2750,156,1.8,2.7,3.0,19.1,4.4,5.8,3.6,13.4,10.7
H025,Hospital Santo Tomás,Panama,Panama City,Panama Province,12.0,2024,1490,106,2.9,4.9,2.4,14.2,6.2,10.7,7.4,20.6,8.7
H025,Hospital Santo Tomás,Panama,Panama City,Panama Province,1.0,2024,1456,102,2.7,4.6,2.2,13.6,5.9,10.2,7.0,19.8,8.3
H025,Hospital Santo Tomás,Panama,Panama City,Panama Province,4.0,2024,1451,104,2.66,4.63,2.29,13.33,6.14,10.12,7.12,19.19,8.53
H025,Hospital Santo Tomás,Panama,Panama City,Panama Province,4.0,2024,1474,105,2.69,4.68,2.38,13.78,6.36,10.45,6.61,20.32,8.45
H025,Hospital Santo Tomás,Panama,Panama City,Panama Province,2.0,2024,1491,105,2.62,4.61,2.21,13.38,6.04,10.22,7.16,19.46,8.26
H025,Hospital Santo Tomás,Panama,Panama City,Panama Province,6.0,2024,1447,99,2.76,4.69,2.03,14.25,6.21,10.02,7.35,19.62,8.4
H025,Hospital Santo Tomás,Panama,Panama City,Panama Province,2.0,2024,1487,103,2.8,4.75,2.1,13.88,5.98,10.27,7.03,19.88,8.55
H025,Hospital Santo Tomás,Panama,Panama City,Panama Province,9.0,2024,1734,115,4.6,2.2,2.4,11.0,9.1,9.3,13.0,12.6,4.7
H025,Hospital Santo Tomás,Panama,Panama City,Panama Province,1.0,2024,1456,102,2.7,4.6,2.2,13.6,5.9,10.2,7.0,19.8,8.3
H025,Hospital Santo Tomás,Panama,Panama City,Panama Province,7.0,2024,1504,116,2.82,4.62,2.17,13.96,6.6,9.78,7.46,21.1,7.79
H025,Hospital Santo Tomás,Panama,Panama City,Panama Province,2.0,2024,1420,99,2.5,4.4,2.1,13.1,5.7,9.8,6.7,19.2,8.0
H025,Hospital Santo Tomás,Panama,Panama City,Panama Province,1.0,2025,1412,96,2.28,4.24,2.01,13.38,5.71,10.36,6.74,19.93,8.25
H025,Hospital Santo Tomás,Panama,Panama City,Panama Province,5.0,2024,1475,104,2.8,4.7,2.3,14.0,6.0,10.5,7.2,20.3,8.5
H026,Hospital Universitario de Neiva,Colombia,Neiva,Huila,7.0,2024,1475,122,1.8,2.2,1.9,12.6,5.6,9.4,5.7,12.4,8.8
H026,Hospital Universitario de Neiva,Colombia,Neiva,Huila,1.0,2024,1312,68,1.5,10.8,3.0,20.6,6.7,9.1,6.8,24.2,5.1
H026,Hospital Universitario de Neiva,Colombia,Neiva,Huila,1.0,2025,874,61,3.4,5.7,2.7,15.6,6.6,13.2,8.8,23.0,9.4
H026,Hospital Universitario de Neiva,Colombia,Neiva,Huila,1.0,2024,867,60,3.6,6.0,3.0,16.5,6.9,14.0,9.3,24.1,9.8
H026,Hospital Universitario de Neiva,Colombia,Neiva,Huila,8.0,2024,1290,118,2.3,6.0,2.0,11.6,8.1,9.2,7.1,13.0,6.5
H026,Hospital Universitario de Neiva,Colombia,Neiva,Huila,3.0,2024,1747,112,2.2,3.9,3.5,9.8,4.9,8.2,13.4,33.5,16.4
H026,Hospital Universitario de Neiva,Colombia,Neiva,Huila,9.0,2024,2156,123,1.5,7.1,1.0,9.8,5.5,14.2,9.4,31.9,7.4
H026,Hospital Universitario de Neiva,Colombia,Neiva,Huila,9.0,2024,1420,104,2.2,2.6,3.0,11.4,4.9,7.4,6.8,13.1,8.2
H026,Hospital Universitario de Neiva,Colombia,Neiva,Huila,6.0,2024,856,59,3.5,5.9,2.9,16.3,6.8,13.7,9.2,23.7,9.7
H026,Hospital Universitario de Neiva,Colombia,Neiva,Huila,2.0,2024,845,58,3.4,5.8,2.8,16.0,6.7,13.5,9.0,23.4,9.5
H026,Hospital Universitario de Neiva,Colombia,Neiva,Huila,3.0,2024,886,62,3.7,6.2,3.1,17.1,7.1,14.5,9.6,24.9,10.1
H026,Hospital Universitario de Neiva,Colombia,Neiva,Huila,12.0,2024,1123,113,1.4,6.8,2.9,14.0,4.4,19.7,10.9,13.3,9.4
H026,Hospital Universitario de Neiva,Colombia,Neiva,Huila,4.0,2024,1755,189,4.9,5.4,2.6,9.8,6.3,13.6,3.7,15.4,12.4
H026,Hospital Universitario de Neiva,Colombia,Neiva,Huila,5.0,2024,879,61,3.7,6.1,3.0,16.9,7.0,14.3,9.5,24.7,10.0
H026,Hospital Universitario de Neiva,Colombia,Neiva,Huila,8.0,2024,869,60,3.6,6.0,3.0,16.6,6.9,14.1,9.4,24.2,9.9
H026,Hospital Universitario de Neiva,Colombia,Neiva,Huila,11.0,2024,868,60,3.6,6.0,3.0,16.6,6.9,14.0,9.3,24.2,9.8
H026,Hospital Universitario de Neiva,Colombia,Neiva,Huila,1.0,2025,874,61,3.4,5.7,2.7,15.6,6.6,13.2,8.8,23.0,9.4
H026,Hospital Universitario de Neiva,Colombia,Neiva,Huila,10.0,2024,885,60,3.7,6.14,2.62,16.96,6.86,13.69,9.15,24.15,9.98
H026,Hospital Universitario de Neiva,Colombia,Neiva,Huila,1.0,2024,861,60,3.61,6.29,3.24,17.53,7.13,14.46,9.51,24.7,9.73
H026,Hospital Universitario de Neiva,Colombia,Neiva,Huila,10.0,2024,876,61,3.6,6.1,3.0,16.8,7.0,14.3,9.5,24.6,10.0
H026,Hospital Universitario de Neiva,Colombia,Neiva,Huila,10.0,2024,888,61,3.8,6.31,2.92,16.33,7.01,13.64,9.44,24.7,10.16
H026,Hospital Universitario de Neiva,Colombia,Neiva,Huila,9.0,2024,854,59,3.81,6.23,3.05,16.5,6.77,13.89,9.64,25.37,10.23
H026,Hospital Universitario de Neiva,Colombia,Neiva,Huila,4.0,2024,854,59,3.53,6.16,2.73,16.68,7.1,13.97,9.27,24.47,9.82
H026,Hospital Universitario de Neiva,Colombia,Neiva,Huila,1.0,2024,1229,86,2.6,4.1,2.6,10.4,4.9,6.0,6.5,33.6,5.5
H026,Hospital Universitario de Neiva,Colombia,Neiva,Huila,7.0,2024,2187,103,1.6,3.2,0.8,6.8,5.8,19.3,5.3,38.5,6.3
H026,Hospital Universitario de Neiva,Colombia,Neiva,Huila,9.0,2024,1625,79,1.9,3.9,2.4,18.7,7.5,6.2,11.5,19.0,8.4
H026,Hospital Universitario de Neiva,Colombia,Neiva,Huila,12.0,2024,889,63,3.8,6.3,3.2,17.2,7.2,14.6,9.7,25.0,10.2
H026,Hospital Universitario de Neiva,Colombia,Neiva,Huila,5.0,2024,1742,121,1.9,4.9,4.6,7.1,7.7,6.9,4.0,10.6,16.0
H026,Hospital Universitario de Neiva,Colombia,Neiva,Huila,11.0,2024,905,63,3.81,6.14,2.75,15.74,6.7,14.43,8.41,24.75,10.47
H026,Hospital Universitario de Neiva,Colombia,Neiva,Huila,6.0,2024,1298,71,1.4,4.8,3.0,9.7,6.9,14.3,3.2,9.8,6.1
H026,Hospital Universitario de Neiva,Colombia,Neiva,Huila,7.0,2024,882,62,3.7,6.2,3.1,17.0,7.1,14.4,9.6,24.8,10.1
H026,Hospital Universitario de Neiva,Colombia,Neiva,Huila,3.0,2024,886,62,3.7,6.2,3.1,17.1,7.1,14.5,9.6,24.9,10.1
H026,Hospital Universitario de Neiva,Colombia,Neiva,Huila,6.0,2024,856,59,3.5,5.9,2.9,16.3,6.8,13.7,9.2,23.7,9.7
H026,Hospital Universitario de Neiva,Colombia,Neiva,Huila,9.0,2024,860,60,3.5,6.0,2.9,16.4,6.9,13.8,9.3,23.9,9.7
H026,Hospital Universitario de Neiva,Colombia,Neiva,Huila,10.0,2024,876,61,3.6,6.1,3.0,16.8,7.0,14.3,9.5,24.6,10.0
H026,Hospital Universitario de Neiva,Colombia,Neiva,Huila,1.0,2025,1020,91,3.8916044345958136,3.2,1.2,15.621420191244846,5.4,7.8,11.8,19.0,4.6
H026,Hospital Universitario de Neiva,Colombia,Neiva,Huila,7.0,2024,1746,53,1.6,3.3,1.0,10.9,4.6,20.4,4.1,18.4,7.6
H026,Hospital Universitario de Neiva,Colombia,Neiva,Huila,11.0,2024,1008,101,1.3,3.6,3.0,23.2,3.5,20.4,6.8,30.2,5.5
H026,Hospital Universitario de Neiva,Colombia,Neiva,Huila,2.0,2024,1634,129,3.1,2.1,4.7,9.0,5.1,9.8,9.4,15.7,10.0
H026,Hospital Universitario de Neiva,Colombia,Neiva,Huila,1.0,2024,867,60,3.6,6.0,3.0,16.5,6.9,14.0,9.3,24.1,9.8
H026,Hospital Universitario de Neiva,Colombia,Neiva,Huila,11.0,2024,868,60,3.6,6.0,3.0,16.6,6.9,14.0,9.3,24.2,9.8
H026,Hospital Universitario de Neiva,Colombia,Neiva,Huila,11.0,2024,868,60,3.6,6.0,3.0,16.6,6.9,14.0,9.3,24.2,9.8
H026,Hospital Universitario de Neiva,Colombia,Neiva,Huila,9.0,2024,860,60,3.5,6.0,2.9,16.4,6.9,13.8,9.3,23.9,9.7
H026,Hospital Universitario de Neiva,Colombia,Neiva,Huila,2.0,2024,856,62,3.6,5.62,2.93,15.0,6.17,12.81,8.5,21.18,10.08
H026,Hospital Universitario de Neiva,Colombia,Neiva,Huila,12.0,2024,889,63,3.8,6.3,3.2,17.2,7.2,14.6,9.7,25.0,10.2
H026,Hospital Universitario de Neiva,Colombia,Neiva,Huila,4.0,2024,872,61,3.6,6.1,3.0,16.8,7.0,14.2,9.5,24.5,10.0
H026,Hospital Universitario de Neiva,Colombia,Neiva,Huila,12.0,2024,889,63,3.8,6.3,3.2,17.2,7.2,14.6,9.7,25.0,10.2
H026,Hospital Universitario de Neiva,Colombia,Neiva,Huila,2.0,2024,845,58,3.4,5.8,2.8,16.0,6.7,13.5,9.0,23.4,9.5
H027,Hospital San José,Colombia,Bogotá,Cundinamarca,2.0,2024,1621,113,2.36,3.96,1.83,12.59,5.28,9.6,6.91,18.09,7.72
H027,Hospital San José,Colombia,Bogotá,Cundinamarca,1.0,2025,678,62,1.2,7.9,1.7,7.1,5.4,13.6,9.5,16.7,9.7
H027,Hospital San José,Colombia,Bogotá,Cundinamarca,11.0,2024,1245,63,3.4,3.2,2.4,13.0,7.1,4.2,6.4,11.7,11.1
H027,Hospital San José,Colombia,Bogotá,Cundinamarca,10.0,2024,1458,125,2.1,2.3,2.2,10.8,8.1,17.3,4.5,29.1,4.7
H027,Hospital San José,Colombia,Bogotá,Cundinamarca,1.0,2024,889,93,2.1,8.7,1.1,9.7,6.9,11.4,6.4,12.9,6.7
H027,Hospital San José,Colombia,Bogotá,Cundinamarca,2.0,2025,1747,156,2.2,4.4,1.3,12.7,5.7,8.5,6.7,17.5,7.8
H027,Hospital San José,Colombia,Bogotá,Cundinamarca,11.0,2024,1461,92,2.7,3.3,2.0,11.3,5.0,5.6,4.4,24.4,8.0
H027,Hospital San José,Colombia,Bogotá,Cundinamarca,10.0,2024,1474,119,3.1,2.8,5.2,9.0,6.4,24.3,16.5,14.0,6.3
H027,Hospital San José,Colombia,Bogotá,Cundinamarca,5.0,2024,1845,94,3.6,10.4,2.6,16.6,6.4,14.1,5.9,15.7,7.4
H027,Hospital San José,Colombia,Bogotá,Cundinamarca,7.0,2024,596,113,2.2,3.8,1.7,12.3,4.8,6.5,3.9,13.0,9.6
H027,Hospital San José,Colombia,Bogotá,Cundinamarca,7.0,2024,1709,120,2.5,4.2,2.0,12.9,5.7,9.4,7.0,18.8,8.2
H027,Hospital San José,Colombia,Bogotá,Cundinamarca,8.0,2024,1684,118,2.4,4.1,1.9,12.7,5.5,9.2,6.9,18.4,8.1
H027,Hospital San José,Colombia,Bogotá,Cundinamarca,9.0,2024,1668,117,2.4,4.0,1.9,12.5,5.5,9.0,6.8,18.1,7.9
H027,Hospital San José,Colombia,Bogotá,Cundinamarca,5.0,2024,1534,124,6.8,6.8,3.0,9.3,4.5,5.6,6.4,19.5,13.9
H027,Hospital San José,Colombia,Bogotá,Cundinamarca,12.0,2024,1717,122,2.6,4.3,2.0,13.1,5.7,9.5,7.2,19.0,8.4
H027,Hospital San José,Colombia,Bogotá,Cundinamarca,12.0,2024,1660,120,2.38,4.09,1.95,12.13,5.48,9.35,6.57,18.51,7.76
H027,Hospital San José,Colombia,Bogotá,Cundinamarca,6.0,2024,1657,117,2.3,4.0,1.9,12.4,5.5,8.9,6.7,18.0,7.9
H027,Hospital San José,Colombia,Bogotá,Cundinamarca,9.0,2024,768,58,1.5,2.4,0.6,8.8,5.0,14.5,4.7,27.3,15.8
H027,Hospital San José,Colombia,Bogotá,Cundinamarca,2.0,2024,1482,126,1.7,6.6,5.5,7.9,8.8,4.2,6.5,33.6,9.6
H027,Hospital San José,Colombia,Bogotá,Cundinamarca,4.0,2024,627,155,1.2,2.7,1.5,11.0,3.8,16.8,5.8,17.5,12.6
H027,Hospital San José,Colombia,Bogotá,Cundinamarca,4.0,2024,1718,119,2.34,4.08,1.85,12.86,5.46,8.99,7.1,17.99,7.74
H027,Hospital San José,Colombia,Bogotá,Cundinamarca,3.0,2024,1290,88,2.9,3.9,1.8,10.9,6.6,20.6,5.2,15.7,4.8
H027,Hospital San José,Colombia,Bogotá,Cundinamarca,8.0,2024,1684,118,2.4,4.1,1.9,12.7,5.5,9.2,6.9,18.4,8.1
H027,Hospital San José,Colombia,Bogotá,Cundinamarca,11.0,2025,1040,60,2.8,4.7,1.7,8.6,5.7,14.2,4.4,20.6,12.6
H027,Hospital San José,Colombia,Bogotá,Cundinamarca,4.0,2024,1298,135,6.7,3.9,1.9,13.1,4.4,8.5,4.9,24.1,6.8
H027,Hospital San José,Colombia,Bogotá,Cundinamarca,7.0,2024,1709,120,2.5,4.2,2.0,12.9,5.7,9.4,7.0,18.8,8.2
H027,Hospital San José,Colombia,Bogotá,Cundinamarca,12.0,2024,1717,122,2.6,4.3,2.0,13.1,5.7,9.5,7.2,19.0,8.4
H027,Hospital San José,Colombia,Bogotá,Cundinamarca,1.0,2024,604,65,3.8,3.2,3.8,8.0,6.3,6.4,8.0,18.4,6.3
H027,Hospital San José,Colombia,Bogotá,Cundinamarca,9.0,2024,1808,114,2.18,3.8,1.99,13.44,5.94,8.32,7.45,16.81,8.38
H027,Hospital San José,Colombia,Bogotá,Cundinamarca,9.0,2024,1787,114,2.49,4.37,1.93,11.89,5.18,8.5,6.85,16.88,7.78
H027,Hospital San José,Colombia,Bogotá,Cundinamarca,4.0,2024,1669,124,2.3,4.31,1.85,13.68,5.16,8.42,7.57,17.91,7.76
H027,Hospital San José,Colombia,Bogotá,Cundinamarca,12.0,2024,1587,124,2.46,4.06,1.84,13.97,6.09,8.89,7.58,17.25,8.68
H027,Hospital San José,Colombia,Bogotá,Cundinamarca,10.0,2024,1697,119,2.4,4.1,1.9,12.8,5.6,9.3,6.9,18.6,8.1
H027,Hospital San José,Colombia,Bogotá,Cundinamarca,8.0,2024,1684,118,2.4,4.1,1.9,12.7,5.5,9.2,6.9,18.4,8.1
H027,Hospital San José,Colombia,Bogotá,Cundinamarca,1.0,2025,1693,119,2.2,3.8,1.7,11.9,5.3,8.5,6.4,17.3,7.6
H027,Hospital San José,Colombia,Bogotá,Cundinamarca,11.0,2024,1680,118,2.4,4.1,1.9,12.7,5.5,9.1,6.8,18.4,8.0
H027,Hospital San José,Colombia,Bogotá,Cundinamarca,4.0,2025,1664,117,2.32,3.85,1.75,11.72,5.51,9.09,6.39,17.44,8.07
H027,Hospital San José,Colombia,Bogotá,Cundinamarca,2.0,2024,1637,115,2.3,3.9,1.8,12.2,5.4,8.8,6.5,17.7,7.8
H027,Hospital San José,Colombia,Bogotá,Cundinamarca,1.0,2024,1678,118,2.4,4.1,1.9,12.6,5.5,9.1,6.8,18.3,8.0
H027,Hospital San José,Colombia,Bogotá,Cundinamarca,11.0,2024,2145,42,3.4,2.1,0.9,8.7,9.0,9.5,7.0,25.2,4.7
H027,Hospital San José,Colombia,Bogotá,Cundinamarca,10.0,2024,1312,123,1.4,8.5,3.4,13.1,4.5,17.6,13.9,17.5,4.7
H027,Hospital San José,Colombia,Bogotá,Cundinamarca,5.0,2024,1701,120,2.5,4.2,2.0,12.9,5.6,9.3,7.0,18.7,8.2
H027,Hospital San José,Colombia,Bogotá,Cundinamarca,5.0,2024,1247,36,2.5,10.4,3.0,18.0,6.5,5.0,6.5,10.1,7.6
H027,Hospital San José,Colombia,Bogotá,Cundinamarca,5.0,2024,2178,29,3.6,3.9,1.1,10.3,7.7,6.7,5.0,15.5,5.6
H027,Hospital San José,Colombia,Bogotá,Cundinamarca,3.0,2024,1714,121,2.5,4.2,2.0,13.0,5.7,9.4,7.1,18.9,8.3
H027,Hospital San José,Colombia,Bogotá,Cundinamarca,6.0,2024,1657,117,2.3,4.0,1.9,12.4,5.5,8.9,6.7,18.0,7.9
H027,Hospital San José,Colombia,Bogotá,Cundinamarca,5.0,2024,1701,120,2.5,4.2,2.0,12.9,5.6,9.3,7.0,18.7,8.2
H027,Hospital San José,Colombia,Bogotá,Cundinamarca,7.0,2024,1709,120,2.5,4.2,2.0,12.9,5.7,9.4,7.0,18.8,8.2
H027,Hospital San José,Colombia,Bogotá,Cundinamarca,11.0,2024,1688,119,2.32,4.04,1.87,12.47,5.62,9.01,7.07,19.68,7.98
H027,Hospital San José,Colombia,Bogotá,Cundinamarca,1.0,2024,1690,117,2.42,3.94,1.66,12.8,5.65,8.47,6.62,18.67,8.49
H027,Hospital San José,Colombia,Bogotá,Cundinamarca,12.0,2024,1717,122,2.6,4.3,2.0,13.1,5.7,9.5,7.2,19.0,8.4
H027,Hospital San José,Colombia,Bogotá,Cundinamarca,5.0,2024,1701,120,2.5,4.2,2.0,12.9,5.6,9.3,7.0,18.7,8.2
H027,Hospital San José,Colombia,Bogotá,Cundinamarca,3.0,2024,1714,121,2.5,4.2,2.0,13.0,5.7,9.4,7.1,18.9,8.3
H027,Hospital San José,Colombia,Bogotá,Cundinamarca,4.0,2024,1688,119,2.4,4.1,1.9,12.8,5.6,9.2,6.9,18.6,8.1
H028,Hospital Escuela Dr. Roberto Calderón,Nicaragua,Managua,Managua Department,8.0,2024,1317,69,4.6,2.2,1.1,23.2,3.6,9.4,5.9,22.9,6.7
H028,Hospital Escuela Dr. Roberto Calderón,Nicaragua,Managua,Managua Department,2.0,2024,1319,37,2.4,6.2,1.9,11.6,8.2,16.2,5.8,23.2,6.0
H028,Hospital Escuela Dr. Roberto Calderón,Nicaragua,Managua,Managua Department,9.0,2024,1949,35,2.2,2.6,5.8,9.1,3.7,14.6,5.9,24.0,6.8
H028,Hospital Escuela Dr. Roberto Calderón,Nicaragua,Managua,Managua Department,6.0,2024,764,191,4.55,9.2,2.2,20.44,4.6,9.5,16.5,15.7,6.3
H028,Hospital Escuela Dr. Roberto Calderón,Nicaragua,Managua,Managua Department,6.0,2024,1257,64,5.3,2.6,3.1,22.8,9.5,5.2,6.7,12.0,8.6
H028,Hospital Escuela Dr. Roberto Calderón,Nicaragua,Managua,Managua Department,7.0,2024,2098,88,4.84,2.9,2.8,19.98,4.3,7.0,2.8,19.1,10.4
H028,Hospital Escuela Dr. Roberto Calderón,Nicaragua,Managua,Managua Department,1.0,2024,1323,95,4.56,10.9,4.5,20.43,4.9,5.8,7.4,19.0,9.6
H028,Hospital Escuela Dr. Roberto Calderón,Nicaragua,Managua,Managua Department,12.0,2024,860,110,4.66,6.4,2.8,20.53,7.7,8.4,4.3,16.9,4.8
H028,Hospital Escuela Dr. Roberto Calderón,Nicaragua,Managua,Managua Department,2.0,2024,413,56,4.66,3.0,2.0,20.73,5.8,6.3,6.9,15.2,7.3
H028,Hospital Escuela Dr. Roberto Calderón,Nicaragua,Managua,Managua Department,10.0,2024,1789,153,5.3,1.8,1.6,22.4,5.5,9.2,6.3,25.0,8.4
H028,Hospital Escuela Dr. Roberto Calderón,Nicaragua,Managua,Managua Department,1.0,2024,621,189,4.86,2.9,2.0,20.26,3.5,11.7,5.9,10.4,7.6
H028,Hospital Escuela Dr. Roberto Calderón,Nicaragua,Managua,Managua Department,7.0,2024,906,53,4.56,4.2,1.1,20.43,5.5,14.3,7.7,36.8,12.5
H028,Hospital Escuela Dr. Roberto Calderón,Nicaragua,Managua,Managua Department,7.0,2024,643,41,5.72,9.41,4.92,21.69,9.6,20.45,13.44,34.38,14.38
H028,Hospital Escuela Dr. Roberto Calderón,Nicaragua,Managua,Managua Department,5.0,2024,588,41,5.48,8.55,4.6,21.2,9.85,19.25,12.97,32.44,13.56
H028,Hospital Escuela Dr. Roberto Calderón,Nicaragua,Managua,Managua Department,6.0,2024,588,43,5.84,8.45,4.78,23.27,9.72,21.23,12.29,36.05,13.77
H028,Hospital Escuela Dr. Roberto Calderón,Nicaragua,Managua,Managua Department,1.0,2025,618,42,5.3,8.4,4.2,21.8,8.7,19.2,12.7,31.9,13.0
H028,Hospital Escuela Dr. Roberto Calderón,Nicaragua,Managua,Managua Department,4.0,2024,613,92,5.5,4.0,1.2,22.4,6.3,12.4,5.3,27.6,8.6
H028,Hospital Escuela Dr. Roberto Calderón,Nicaragua,Managua,Managua Department,6.0,2024,611,38,5.72,9.46,4.45,22.88,8.8,19.43,13.87,32.1,12.09
H028,Hospital Escuela Dr. Roberto Calderón,Nicaragua,Managua,Managua Department,9.0,2024,621,41,5.38,8.68,4.69,23.81,8.97,20.4,14.12,33.58,13.84
H028,Hospital Escuela Dr. Roberto Calderón,Nicaragua,Managua,Managua Department,4.0,2024,599,42,5.47,9.27,4.84,22.46,9.43,20.27,13.06,33.76,14.03
H028,Hospital Escuela Dr. Roberto Calderón,Nicaragua,Managua,Managua Department,2.0,2025,616,41,5.53,8.66,4.35,22.32,10.05,19.46,12.54,31.5,14.09
H028,Hospital Escuela Dr. Roberto Calderón,Nicaragua,Managua,Managua Department,8.0,2024,593,37,5.35,8.56,4.73,23.69,9.18,19.12,13.38,36.1,14.09
H028,Hospital Escuela Dr. Roberto Calderón,Nicaragua,Managua,Managua Department,7.0,2024,618,41,5.41,9.26,4.59,21.29,9.08,21.13,13.54,32.78,13.51
H028,Hospital Escuela Dr. Roberto Calderón,Nicaragua,Managua,Managua Department,1.0,2024,756,59,5.3,4.3,3.0,22.8,9.2,10.0,9.6,33.5,7.3
H028,Hospital Escuela Dr. Roberto Calderón,Nicaragua,Managua,Managua Department,12.0,2024,1773,42,5.7,4.5,0.7,23.8,4.5,14.7,12.8,15.3,8.1
H028,Hospital Escuela Dr. Roberto Calderón,Nicaragua,Managua,Managua Department,9.0,2024,987,110,5.7,4.2,1.1,23.4,5.1,5.6,4.7,17.2,9.7
H028,Hospital Escuela Dr. Roberto Calderón,Nicaragua,Managua,Managua Department,2.0,2024,1767,122,4.69,5.8,3.0,19.23,8.8,20.3,13.2,19.0,10.0
H028,Hospital Escuela Dr. Roberto Calderón,Nicaragua,Managua,Managua Department,10.0,2025,625,43,5.23,8.21,4.28,20.13,9.69,19.0,12.26,31.66,13.78
H028,Hospital Escuela Dr. Roberto Calderón,Nicaragua,Managua,Managua Department,12.0,2024,627,43,5.9,9.3,4.9,24.0,9.6,21.2,14.1,34.8,14.2
H028,Hospital Escuela Dr. Roberto Calderón,Nicaragua,Managua,Managua Department,1.0,2024,1018,46,5.5,4.3,1.0,21.8,5.5,4.4,6.6,14.7,6.2
H028,Hospital Escuela Dr. Roberto Calderón,Nicaragua,Managua,Managua Department,10.0,2024,619,42,5.7,9.0,4.7,23.5,9.4,20.7,13.8,34.2,13.9
H028,Hospital Escuela Dr. Roberto Calderón,Nicaragua,Managua,Managua Department,1.0,2024,612,41,5.6,8.9,4.6,23.1,9.2,20.3,13.5,33.5,13.6
H028,Hospital Escuela Dr. Roberto Calderón,Nicaragua,Managua,Managua Department,9.0,2024,752,88,5.572736964564932,9.1,1.5,21.124623784123635,5.7,4.9,4.8,15.9,5.2
H028,Hospital Escuela Dr. Roberto Calderón,Nicaragua,Managua,Managua Department,11.0,2024,613,41,5.6,8.9,4.6,23.2,9.2,20.3,13.5,33.6,13.6
H028,Hospital Escuela Dr. Roberto Calderón,Nicaragua,Managua,Managua Department,3.0,2024,1467,54,5.511686017143449,6.2,0.8,21.765384104624303,6.8,10.5,2.6,12.3,8.1
H028,Hospital Escuela Dr. Roberto Calderón,Nicaragua,Managua,Managua Department,5.0,2024,604,104,5.682970738843681,6.3,1.8,22.76490830491513,4.6,8.7,6.5,14.8,12.4
H028,Hospital Escuela Dr. Roberto Calderón,Nicaragua,Managua,Managua Department,2.0,2024,596,40,5.3,8.6,4.4,22.4,8.9,19.6,13.0,32.4,13.2
H028,Hospital Escuela Dr. Roberto Calderón,Nicaragua,Managua,Managua Department,1.0,2025,1858,113,5.8677859455593,5.0,2.4,21.95884852062837,5.3,3.9,13.4,23.7,7.1
H028,Hospital Escuela Dr. Roberto Calderón,Nicaragua,Managua,Managua Department,10.0,2024,1312,155,4.9,4.0,1.6,19.36,6.4,19.7,16.5,13.2,5.9
H028,Hospital Escuela Dr. Roberto Calderón,Nicaragua,Managua,Managua Department,3.0,2024,1262,155,4.74,4.0,1.4,20.09,4.5,10.4,6.8,19.1,4.9
H028,Hospital Escuela Dr. Roberto Calderón,Nicaragua,Managua,Managua Department,7.0,2024,1964,151,4.91,3.7,2.9,19.79,4.3,20.8,4.8,26.6,7.5
H028,Hospital Escuela Dr. Roberto Calderón,Nicaragua,Managua,Managua Department,3.0,2024,625,42,5.8,9.2,4.8,23.8,9.5,21.0,14.0,34.6,14.1
H028,Hospital Escuela Dr. Roberto Calderón,Nicaragua,Managua,Managua Department,9.0,2024,608,41,5.5,8.8,4.5,22.9,9.1,20.1,13.4,33.2,13.5
H028,Hospital Escuela Dr. Roberto Calderón,Nicaragua,Managua,Managua Department,8.0,2024,614,41,5.6,8.9,4.6,23.2,9.2,20.4,13.6,33.6,13.7
H028,Hospital Escuela Dr. Roberto Calderón,Nicaragua,Managua,Managua Department,7.0,2024,623,42,5.8,9.2,4.8,23.7,9.5,20.9,13.9,34.5,14.0
H028,Hospital Escuela Dr. Roberto Calderón,Nicaragua,Managua,Managua Department,6.0,2024,604,41,5.5,8.7,4.5,22.8,9.1,19.9,13.2,32.9,13.4
H028,Hospital Escuela Dr. Roberto Calderón,Nicaragua,Managua,Managua Department,5.0,2024,621,42,5.7,9.1,4.7,23.6,9.4,20.8,13.8,34.3,13.9
H028,Hospital Escuela Dr. Roberto Calderón,Nicaragua,Managua,Managua Department,4.0,2024,616,42,5.7,9.0,4.7,23.4,9.3,20.6,13.7,34.0,13.8
H029,Hospital General de Zona No. 1,Mexico,Tijuana,Baja California,4.0,2024,1869,52,2.1,2.1,1.3,11.7,7.4,8.7,11.5,11.9,7.0
H029,Hospital General de Zona No. 1,Mexico,Tijuana,Baja California,11.0,2024,1289,87,1.3,4.5,1.0,16.5,5.3,14.0,16.2,22.5,4.7
H029,Hospital General de Zona No. 1,Mexico,Tijuana,Baja California,11.0,2024,1536,108,2.6,4.5,2.1,13.3,5.7,10.0,7.2,19.6,8.2
H029,Hospital General de Zona No. 1,Mexico,Tijuana,Baja California,3.0,2024,1703,27,4.2,2.8,3.4,14.0,4.6,14.8,7.2,24.7,8.0
H029,Hospital General de Zona No. 1,Mexico,Tijuana,Baja California,11.0,2024,1456,195,2.4,9.0,5.7,8.5,3.9,7.5,13.9,24.7,9.6
H029,Hospital General de Zona No. 1,Mexico,Tijuana,Baja California,9.0,2025,1437,129,1.0,4.0,3.7,17.2,5.5,9.9,6.6,12.7,6.9
H029,Hospital General de Zona No. 1,Mexico,Tijuana,Baja California,11.0,2024,759,101,2.4,4.0,1.2,20.6,5.2,5.3,4.3,15.2,7.2
H029,Hospital General de Zona No. 1,Mexico,Tijuana,Baja California,6.0,2024,1087,75,3.6,7.3,1.1,13.1,3.9,13.5,7.8,39.3,7.8
H029,Hospital General de Zona No. 1,Mexico,Tijuana,Baja California,7.0,2024,728,128,2.3,3.1,1.8,10.4,5.8,9.6,4.8,14.2,7.1
H029,Hospital General de Zona No. 1,Mexico,Tijuana,Baja California,5.0,2024,1650,136,1.8,3.8,1.9,8.7,4.4,3.6,8.2,9.8,7.0
H029,Hospital General de Zona No. 1,Mexico,Tijuana,Baja California,4.0,2024,1544,109,2.6,4.5,2.1,13.4,5.8,10.2,7.3,19.8,8.3
H029,Hospital General de Zona No. 1,Mexico,Tijuana,Baja California,3.0,2024,1755,115,1.9,6.8,3.8,9.0,6.9,9.1,6.5,13.8,7.2
H029,Hospital General de Zona No. 1,Mexico,Tijuana,Baja California,1.0,2024,1747,75,1.5,2.4,3.0,13.5,3.8,8.0,4.0,13.0,9.7
H029,Hospital General de Zona No. 1,Mexico,Tijuana,Baja California,7.0,2024,1724,115,1.4,2.7,1.1,13.5,4.2,14.9,2.7,13.4,9.6
H029,Hospital General de Zona No. 1,Mexico,Tijuana,Baja California,10.0,2024,2738,73,2.4,5.7,1.9,13.8,6.9,14.3,6.6,18.4,7.7
H029,Hospital General de Zona No. 1,Mexico,Tijuana,Baja California,9.0,2024,518,114,2.7,2.4,1.0,13.8,11.1,10.8,6.1,19.8,5.0
H029,Hospital General de Zona No. 1,Mexico,Tijuana,Baja California,6.0,2024,1517,107,2.5,4.4,2.1,13.0,5.7,9.8,7.1,19.2,8.1
H029,Hospital General de Zona No. 1,Mexico,Tijuana,Baja California,7.0,2024,1530,108,2.54,4.21,2.17,13.69,5.56,10.45,7.23,20.25,8.26
H029,Hospital General de Zona No. 1,Mexico,Tijuana,Baja California,7.0,2024,1545,110,2.6,4.19,2.18,13.08,5.74,10.16,7.3,19.99,8.16
H029,Hospital General de Zona No. 1,Mexico,Tijuana,Baja California,7.0,2024,1502,109,2.71,4.31,2.17,13.49,5.6,10.32,7.32,19.96,8.04
H029,Hospital General de Zona No. 1,Mexico,Tijuana,Baja California,6.0,2024,1517,107,2.5,4.4,2.1,13.0,5.7,9.8,7.1,19.2,8.1
H029,Hospital General de Zona No. 1,Mexico,Tijuana,Baja California,6.0,2024,1545,107,2.73,4.42,2.13,13.36,5.72,10.24,7.15,20.07,7.95
H029,Hospital General de Zona No. 1,Mexico,Tijuana,Baja California,12.0,2025,1135,65,2.6,7.3,1.0,13.7,4.6,8.1,3.7,16.3,10.1
H029,Hospital General de Zona No. 1,Mexico,Tijuana,Baja California,1.0,2024,1647,134,4.2,2.5,1.7,9.6,4.8,11.7,7.4,30.2,4.7
H029,Hospital General de Zona No. 1,Mexico,Tijuana,Baja California,11.0,2024,1544,58,2.3,3.2,2.2,11.6,3.5,7.8,6.0,25.6,8.4
H029,Hospital General de Zona No. 1,Mexico,Tijuana,Baja California,7.0,2024,1562,110,2.7,4.6,2.2,13.6,5.9,10.3,7.4,20.1,8.4
H029,Hospital General de Zona No. 1,Mexico,Tijuana,Baja California,1.0,2024,1553,115,3.2,4.5,0.6,8.9,6.0,9.4,4.0,12.6,5.8
H029,Hospital General de Zona No. 1,Mexico,Tijuana,Baja California,2.0,2024,1650,194,4.5,4.1,3.0,11.0,7.4,8.5,9.6,29.2,5.6
H029,Hospital General de Zona No. 1,Mexico,Tijuana,Baja California,5.0,2024,2671,94,2.6,2.9,1.3,8.7,8.7,8.0,10.3,31.9,10.4
H029,Hospital General de Zona No. 1,Mexico,Tijuana,Baja California,11.0,2024,413,53,1.5,4.6,4.3,10.7,7.3,7.4,6.8,13.7,8.3
H029,Hospital General de Zona No. 1,Mexico,Tijuana,Baja California,12.0,2024,2196,53,1.9,4.6,2.1,15.5,5.1,11.1,5.0,36.8,8.3
H029,Hospital General de Zona No. 1,Mexico,Tijuana,Baja California,8.0,2024,1546,109,2.7,4.41,2.16,13.13,5.79,9.85,7.05,19.68,7.83
H029,Hospital General de Zona No. 1,Mexico,Tijuana,Baja California,2.0,2024,1697,126,1.2,5.7,1.0,7.9,5.0,13.8,6.3,13.0,7.8
H029,Hospital General de Zona No. 1,Mexico,Tijuana,Baja California,5.0,2024,1935,70,1.5,4.5,2.2,15.8,3.6,5.6,4.6,24.9,11.7
H029,Hospital General de Zona No. 1,Mexico,Tijuana,Baja California,4.0,2024,1544,109,2.6,4.5,2.1,13.4,5.8,10.2,7.3,19.8,8.3
H029,Hospital General de Zona No. 1,Mexico,Tijuana,Baja California,3.0,2024,1567,110,2.7,4.6,2.2,13.6,5.9,10.4,7.5,20.2,8.5
H029,Hospital General de Zona No. 1,Mexico,Tijuana,Baja California,2.0,2024,1496,105,2.5,4.3,2.0,12.8,5.6,9.6,6.9,18.9,7.9
H029,Hospital General de Zona No. 1,Mexico,Tijuana,Baja California,11.0,2024,1536,108,2.6,4.5,2.1,13.3,5.7,10.0,7.2,19.6,8.2
H029,Hospital General de Zona No. 1,Mexico,Tijuana,Baja California,1.0,2024,1534,108,2.6,4.5,2.1,13.2,5.7,10.0,7.2,19.5,8.2
H029,Hospital General de Zona No. 1,Mexico,Tijuana,Baja California,10.0,2024,1553,109,2.6,4.5,2.1,13.4,5.8,10.2,7.4,19.9,8.4
H029,Hospital General de Zona No. 1,Mexico,Tijuana,Baja California,9.0,2024,1527,108,2.6,4.4,2.1,13.1,5.7,9.9,7.2,19.4,8.2
H029,Hospital General de Zona No. 1,Mexico,Tijuana,Baja California,5.0,2024,1556,109,2.7,4.6,2.2,13.5,5.8,10.3,7.4,20.0,8.4
H029,Hospital General de Zona No. 1,Mexico,Tijuana,Baja California,8.0,2024,1540,108,2.6,4.5,2.1,13.3,5.7,10.1,7.3,19.7,8.3
H029,Hospital General de Zona No. 1,Mexico,Tijuana,Baja California,6.0,2024,1517,107,2.5,4.4,2.1,13.0,5.7,9.8,7.1,19.2,8.1
H029,Hospital General de Zona No. 1,Mexico,Tijuana,Baja California,7.0,2024,1562,110,2.7,4.6,2.2,13.6,5.9,10.3,7.4,20.1,8.4
H029,Hospital General de Zona No. 1,Mexico,Tijuana,Baja California,12.0,2024,1570,111,2.8,4.7,2.2,13.7,5.9,10.5,7.6,20.3,8.6
H029,Hospital General de Zona No. 1,Mexico,Tijuana,Baja California,1.0,2025,1689,103,2.59,4.32,2.07,13.05,5.04,8.8,6.21,18.51,7.64
H029,Hospital General de Zona No. 1,Mexico,Tijuana,Baja California,6.0,2024,1447,101,2.56,4.06,1.94,13.31,5.22,9.66,6.51,18.71,8.16
H029,Hospital General de Zona No. 1,Mexico,Tijuana,Baja California,3.0,2024,1007,103,5.3,4.7,1.1,11.2,10.7,7.6,9.7,32.5,6.2
H029,Hospital General de Zona No. 1,Mexico,Tijuana,Baja California,8.0,2024,1669,120,2.82,4.43,2.22,12.1,6.01,9.28,7.14,20.16,8.68
H029,Hospital General de Zona No. 1,Mexico,Tijuana,Baja California,1.0,2024,1407,98,2.78,4.54,2.18,13.19,6.11,9.03,6.7,19.45,8.86
H029,Hospital General de Zona No. 1,Mexico,Tijuana,Baja California,7.0,2024,1568,101,2.73,4.38,2.3,13.16,5.94,10.97,8.04,19.35,8.7
H029,Hospital General de Zona No. 1,Mexico,Tijuana,Baja California,1.0,2024,1451,98,2.44,4.15,1.9,12.71,5.61,10.47,6.87,19.2,7.82
H029,Hospital General de Zona No. 1,Mexico,Tijuana,Baja California,3.0,2024,1579,105,2.91,4.33,2.24,13.67,6.33,10.82,8.2,19.43,8.57
H029,Hospital General de Zona No. 1,Mexico,Tijuana,Baja California,1.0,2025,1608,106,2.41,4.18,1.99,11.53,5.91,9.94,6.28,17.72,7.75
H029,Hospital General de Zona No. 1,Mexico,Tijuana,Baja California,7.0,2024,1024,128,3.2,5.7,1.1,8.0,6.8,6.1,4.8,24.7,8.5
H029,Hospital General de Zona No. 1,Mexico,Tijuana,Baja California,1.0,2025,1547,109,2.4,4.2,1.9,12.5,5.5,9.4,6.8,18.6,7.8
H030,Hospital Universitario San Ignacio,Colombia,Bogotá,Cundinamarca,11.0,2024,1782,126,1.63,2.94,1.37,9.61,4.53,6.39,4.84,14.33,6.4
H030,Hospital Universitario San Ignacio,Colombia,Bogotá,Cundinamarca,1.0,2024,1804,128,1.75,3.19,1.13,9.94,4.67,6.35,4.88,14.34,6.88
H030,Hospital Universitario San Ignacio,Colombia,Bogotá,Cundinamarca,3.0,2024,552,46,2.1,6.3,2.1,9.4,8.1,3.6,8.8,16.3,5.9
H030,Hospital Universitario San Ignacio,Colombia,Bogotá,Cundinamarca,1.0,2024,1527,63,5.1,2.6,1.5,21.0,4.5,10.2,6.8,16.5,5.8
H030,Hospital Universitario San Ignacio,Colombia,Bogotá,Cundinamarca,4.0,2024,1762,128,3.8,2.3,1.1,7.2,4.3,16.2,3.2,9.5,7.0
H030,Hospital Universitario San Ignacio,Colombia,Bogotá,Cundinamarca,2.0,2024,1949,48,6.9,2.5,1.9,13.4,6.6,14.6,5.3,11.8,6.2
H030,Hospital Universitario San Ignacio,Colombia,Bogotá,Cundinamarca,7.0,2024,2164,37,1.1,2.7,3.8,16.4,4.0,18.9,14.0,13.4,7.7
H030,Hospital Universitario San Ignacio,Colombia,Bogotá,Cundinamarca,4.0,2024,1333,123,2.0,2.5,1.1,11.6,6.0,14.2,2.6,13.1,10.0
H030,Hospital Universitario San Ignacio,Colombia,Bogotá,Cundinamarca,5.0,2024,1527,72,1.7,3.0,5.2,8.4,7.7,5.9,6.1,11.9,7.3
H030,Hospital Universitario San Ignacio,Colombia,Bogotá,Cundinamarca,11.0,2024,2745,81,2.1,7.5,1.9,10.3,5.2,9.3,9.9,12.1,7.3
H030,Hospital Universitario San Ignacio,Colombia,Bogotá,Cundinamarca,4.0,2024,998,159,2.3,3.4,1.0,13.1,4.7,10.5,2.8,18.4,15.8
H030,Hospital Universitario San Ignacio,Colombia,Bogotá,Cundinamarca,5.0,2024,1701,113,1.9,2.8,1.6,10.7,5.3,4.4,2.6,28.0,6.9
H030,Hospital Universitario San Ignacio,Colombia,Bogotá,Cundinamarca,10.0,2024,2184,93,7.2,6.2,5.9,10.5,4.1,10.7,16.2,13.5,5.8
H030,Hospital Universitario San Ignacio,Colombia,Bogotá,Cundinamarca,11.0,2024,1578,156,6.7,4.2,2.1,9.4,5.0,5.8,6.8,22.9,7.3
H030,Hospital Universitario San Ignacio,Colombia,Bogotá,Cundinamarca,8.0,2024,2202,45,6.8,11.0,4.6,9.8,5.0,7.4,12.5,10.3,6.8
H030,Hospital Universitario San Ignacio,Colombia,Bogotá,Cundinamarca,3.0,2024,1026,127,3.2,1.8,1.8,13.7,6.7,7.0,13.6,40.0,6.4
H030,Hospital Universitario San Ignacio,Colombia,Bogotá,Cundinamarca,6.0,2024,1008,75,7.0,3.9,3.3,10.4,10.6,13.8,2.8,9.2,10.9
H030,Hospital Universitario San Ignacio,Colombia,Bogotá,Cundinamarca,10.0,2024,1278,103,3.1,10.7,1.6,19.8,3.5,5.4,3.7,27.3,4.7
H030,Hospital Universitario San Ignacio,Colombia,Bogotá,Cundinamarca,1.0,2024,1723,121,7.2,2.4,2.9,11.0,5.6,8.9,3.9,18.3,8.7
H030,Hospital Universitario San Ignacio,Colombia,Bogotá,Cundinamarca,1.0,2024,2623,104,2.3,4.2,1.1,11.7,4.5,8.4,10.0,19.0,8.1
H030,Hospital Universitario San Ignacio,Colombia,Bogotá,Cundinamarca,4.0,2024,1298,55,2.7,2.7,1.8,11.4,6.6,15.6,5.6,13.0,8.8
H030,Hospital Universitario San Ignacio,Colombia,Bogotá,Cundinamarca,8.0,2024,1746,72,4.5,3.5,1.4,23.4,4.4,10.1,3.1,16.5,8.0
H030,Hospital Universitario San Ignacio,Colombia,Bogotá,Cundinamarca,9.0,2024,1925,118,2.0,5.5,5.5,12.1,7.0,5.2,10.0,33.6,6.4
H030,Hospital Universitario San Ignacio,Colombia,Bogotá,Cundinamarca,4.0,2024,789,71,1.6,3.5,1.5,21.7,6.4,18.9,5.4,12.1,6.2
H030,Hospital Universitario San Ignacio,Colombia,Bogotá,Cundinamarca,8.0,2024,1796,126,1.7,2.9,1.3,10.2,4.5,6.4,4.7,14.3,6.5
H030,Hospital Universitario San Ignacio,Colombia,Bogotá,Cundinamarca,10.0,2024,1809,127,1.7,2.9,1.3,10.3,4.6,6.5,4.8,14.5,6.6
H030,Hospital Universitario San Ignacio,Colombia,Bogotá,Cundinamarca,9.0,2024,1655,140,1.62,3.02,1.26,10.26,4.19,6.3,4.87,14.55,6.37
H030,Hospital Universitario San Ignacio,Colombia,Bogotá,Cundinamarca,7.0,2024,1852,123,1.8,3.17,1.34,11.11,4.7,6.87,4.66,14.96,7.26
H030,Hospital Universitario San Ignacio,Colombia,Bogotá,Cundinamarca,8.0,2024,1764,129,1.71,2.99,1.28,9.31,4.72,5.91,4.9,15.17,6.4
H030,Hospital Universitario San Ignacio,Colombia,Bogotá,Cundinamarca,3.0,2024,1801,121,1.63,2.84,1.41,10.47,4.87,6.25,4.94,16.08,6.99
H030,Hospital Universitario San Ignacio,Colombia,Bogotá,Cundinamarca,7.0,2024,1757,139,1.92,3.04,1.42,10.3,4.65,6.02,5.01,15.36,6.52
H030,Hospital Universitario San Ignacio,Colombia,Bogotá,Cundinamarca,11.0,2024,1708,117,1.73,2.65,1.22,10.69,4.7,5.81,4.65,13.72,6.53
H030,Hospital Universitario San Ignacio,Colombia,Bogotá,Cundinamarca,5.0,2024,1693,123,1.62,3.29,1.24,9.48,4.71,6.51,4.5,14.56,6.32
H030,Hospital Universitario San Ignacio,Colombia,Bogotá,Cundinamarca,7.0,2024,1625,73,2.1,4.0,2.3,8.0,5.3,7.5,7.3,15.1,8.2
H030,Hospital Universitario San Ignacio,Colombia,Bogotá,Cundinamarca,1.0,2025,1803,127,1.5,2.7,1.1,9.5,4.3,6.0,4.4,13.4,6.2
H030,Hospital Universitario San Ignacio,Colombia,Bogotá,Cundinamarca,12.0,2024,1830,130,1.8,3.1,1.4,10.5,4.7,6.7,5.0,14.8,6.8
H030,Hospital Universitario San Ignacio,Colombia,Bogotá,Cundinamarca,11.0,2024,1791,126,1.7,2.9,1.3,10.1,4.5,6.4,4.7,14.2,6.5
H030,Hospital Universitario San Ignacio,Colombia,Bogotá,Cundinamarca,10.0,2024,1809,127,1.7,2.9,1.3,10.3,4.6,6.5,4.8,14.5,6.6
H030,Hospital Universitario San Ignacio,Colombia,Bogotá,Cundinamarca,9.0,2024,1780,125,1.7,2.9,1.2,10.0,4.5,6.3,4.7,14.0,6.4
H030,Hospital Universitario San Ignacio,Colombia,Bogotá,Cundinamarca,8.0,2024,1796,126,1.7,2.9,1.3,10.2,4.5,6.4,4.7,14.3,6.5
H030,Hospital Universitario San Ignacio,Colombia,Bogotá,Cundinamarca,7.0,2024,1822,128,1.8,3.0,1.3,10.4,4.6,6.6,4.9,14.6,6.7
H030,Hospital Universitario San Ignacio,Colombia,Bogotá,Cundinamarca,6.0,2024,1767,125,1.6,2.8,1.2,9.9,4.5,6.3,4.6,13.9,6.4
H030,Hospital Universitario San Ignacio,Colombia,Bogotá,Cundinamarca,5.0,2024,1813,128,1.7,3.0,1.3,10.3,4.6,6.5,4.8,14.5,6.6
H030,Hospital Universitario San Ignacio,Colombia,Bogotá,Cundinamarca,9.0,2024,1637,69,1.5,7.9,1.9,10.9,4.4,7.4,7.6,13.2,7.9
H030,Hospital Universitario San Ignacio,Colombia,Bogotá,Cundinamarca,12.0,2024,1791,125,1.6,3.01,1.4,10.1,4.51,6.43,4.92,13.87,6.56
H030,Hospital Universitario San Ignacio,Colombia,Bogotá,Cundinamarca,11.0,2024,1771,130,1.76,2.92,1.15,10.06,4.44,6.82,4.7,14.3,6.62
H030,Hospital Universitario San Ignacio,Colombia,Bogotá,Cundinamarca,8.0,2024,1796,126,1.7,2.9,1.3,10.2,4.5,6.4,4.7,14.3,6.5
H030,Hospital Universitario San Ignacio,Colombia,Bogotá,Cundinamarca,4.0,2024,1865,55,1.9,7.4,2.8,9.1,4.3,14.4,4.3,29.4,9.5
H030,Hospital Universitario San Ignacio,Colombia,Bogotá,Cundinamarca,5.0,2024,1813,128,1.7,3.0,1.3,10.3,4.6,6.5,4.8,14.5,6.6
H030,Hospital Universitario San Ignacio,Colombia,Bogotá,Cundinamarca,1.0,2024,1789,126,1.7,2.9,1.3,10.1,4.5,6.4,4.7,14.2,6.5
H030,Hospital Universitario San Ignacio,Colombia,Bogotá,Cundinamarca,7.0,2024,1822,128,1.8,3.0,1.3,10.4,4.6,6.6,4.9,14.6,6.7
H030,Hospital Universitario San Ignacio,Colombia,Bogotá,Cundinamarca,8.0,2024,1796,126,1.7,2.9,1.3,10.2,4.5,6.4,4.7,14.3,6.5
H030,Hospital Universitario San Ignacio,Colombia,Bogotá,Cundinamarca,4.0,2024,982,123,2.6,4.5,0.9,24.9,5.9,5.5,8.0,25.6,4.7
H030,Hospital Universitario San Ignacio,Colombia,Bogotá,Cundinamarca,1.0,2024,1789,126,1.7,2.9,1.3,10.1,4.5,6.4,4.7,14.2,6.5
H030,Hospital Universitario San Ignacio,Colombia,Bogotá,Cundinamarca,2.0,2024,1746,123,1.6,2.8,1.2,9.8,4.4,6.2,4.5,13.7,6.3
H030,Hospital Universitario San Ignacio,Colombia,Bogotá,Cundinamarca,3.0,2024,1827,129,1.8,3.0,1.3,10.4,4.6,6.6,4.9,14.7,6.7
H030,Hospital Universitario San Ignacio,Colombia,Bogotá,Cundinamarca,4.0,2024,1800,127,1.7,2.9,1.3,10.2,4.5,6.5,4.8,14.4,6.6
H030,Hospital Universitario San Ignacio,Colombia,Bogotá,Cundinamarca,11.0,2024,1853,127,1.68,2.89,1.24,9.52,4.5,6.03,4.81,13.74,6.37
H030,Hospital Universitario San Ignacio,Colombia,Bogotá,Cundinamarca,1.0,2024,1306,102,1.7,3.5,1.0,8.6,4.4,24.3,13.1,15.6,8.3
